ccode,year,attacksum,deathsum
2,1981,53,7
2,1982,60,7
2,1983,40,7
2,1984,57,3
2,1985,35,3
2,1986,31,0
2,1987,27,1
2,1988,20,0
2,1989,35,3
2,1990,26,5
2,1991,24,2
2,1992,31,2
2,1993,0,0
2,1994,56,9
2,1995,62,171
2,1996,36,3
2,1997,41,2
2,1998,26,4
2,1999,53,20
2,2000,33,0
2,2001,39,3003
2,2002,34,4
2,2003,31,0
2,2004,9,0
2,2005,23,0
2,2006,6,1
2,2007,9,0
2,2008,18,2
2,2009,11,18
2,2010,17,4
20,1981,0,0
20,1982,5,1
20,1983,1,0
20,1984,0,0
20,1985,3,331
20,1986,2,1
20,1987,0,0
20,1988,0,0
20,1989,0,0
20,1990,0,0
20,1991,0,0
20,1992,3,0
20,1993,0,0
20,1994,4,0
20,1995,5,1
20,1996,1,0
20,1997,2,0
20,1998,4,1
20,1999,2,0
20,2000,5,0
20,2001,0,0
20,2002,0,0
20,2003,0,0
20,2004,2,0
20,2005,0,0
20,2006,3,1
20,2007,0,0
20,2008,6,0
20,2009,4,0
20,2010,2,0
31,1981,1,0
31,1982,0,0
31,1983,0,0
31,1984,0,0
31,1985,0,0
31,1986,0,0
31,1987,0,0
31,1988,0,0
31,1989,0,0
31,1990,0,0
31,1991,0,0
31,1992,0,0
31,1993,0,0
31,1994,0,0
31,1995,0,0
31,1996,0,0
31,1997,2,1
31,1998,0,0
31,1999,0,0
31,2000,0,0
31,2001,0,0
31,2002,0,0
31,2003,0,0
31,2004,0,0
31,2005,0,0
31,2006,0,0
31,2007,0,0
31,2008,0,0
31,2009,0,0
31,2010,0,0
41,1981,0,0
41,1982,0,0
41,1983,6,5
41,1984,0,0
41,1985,0,0
41,1986,0,0
41,1987,10,4
41,1988,6,3
41,1989,3,0
41,1990,3,13
41,1991,17,137
41,1992,27,18
41,1993,0,0
41,1994,27,87
41,1995,34,16
41,1996,27,14
41,1997,16,9
41,1998,1,0
41,1999,5,3
41,2000,9,5
41,2001,5,0
41,2002,2,0
41,2003,5,4
41,2004,2,7
41,2005,1,1
41,2006,1,2
41,2007,2,1
41,2008,0,0
41,2009,0,0
41,2010,0,0
42,1981,0,0
42,1982,2,5
42,1983,0,0
42,1984,0,0
42,1985,0,0
42,1986,0,0
42,1987,15,7
42,1988,2,0
42,1989,11,1
42,1990,2,3
42,1991,8,1
42,1992,11,1
42,1993,0,0
42,1994,7,2
42,1995,0,0
42,1996,3,3
42,1997,12,3
42,1998,0,0
42,1999,0,0
42,2000,0,0
42,2001,0,0
42,2002,0,0
42,2003,0,0
42,2004,0,0
42,2005,0,0
42,2006,0,0
42,2007,0,0
42,2008,0,0
42,2009,0,0
42,2010,0,0
51,1981,1,5
51,1982,0,0
51,1983,0,0
51,1984,0,0
51,1985,0,0
51,1986,1,3
51,1987,0,0
51,1988,0,0
51,1989,0,0
51,1990,0,0
51,1991,1,0
51,1992,6,5
51,1993,0,0
51,1994,2,2
51,1995,1,1
51,1996,1,1
51,1997,8,10
51,1998,0,0
51,1999,0,0
51,2000,0,0
51,2001,0,0
51,2002,0,0
51,2003,0,0
51,2004,0,0
51,2005,0,0
51,2006,0,0
51,2007,1,0
51,2008,0,0
51,2009,0,0
51,2010,0,0
52,1981,1,0
52,1982,0,0
52,1983,1,0
52,1984,0,0
52,1985,0,0
52,1986,0,0
52,1987,0,0
52,1988,0,0
52,1989,1,0
52,1990,0,0
52,1991,1,0
52,1992,1,0
52,1993,0,0
52,1994,1,2
52,1995,4,4
52,1996,3,0
52,1997,0,0
52,1998,0,0
52,1999,0,0
52,2000,0,0
52,2001,0,0
52,2002,0,0
52,2003,0,0
52,2004,0,0
52,2005,2,0
52,2006,0,0
52,2007,0,0
52,2008,0,0
52,2009,0,0
52,2010,1,0
54,1981,2,3
54,1982,0,0
54,1983,0,0
54,1984,0,0
54,1985,0,0
54,1986,0,0
54,1987,0,0
54,1988,0,0
54,1989,0,0
54,1990,0,0
54,1991,0,0
54,1992,0,0
54,1993,0,0
54,1994,0,0
54,1995,0,0
54,1996,0,0
54,1997,1,0
54,1998,0,0
54,1999,0,0
54,2000,0,0
54,2001,0,0
54,2002,0,0
54,2003,0,0
54,2004,0,0
54,2005,0,0
54,2006,0,0
54,2007,0,0
54,2008,0,0
54,2009,0,0
54,2010,0,0
55,1981,0,0
55,1982,0,0
55,1983,1,0
55,1984,0,0
55,1985,0,0
55,1986,0,0
55,1987,0,0
55,1988,0,0
55,1989,0,0
55,1990,0,0
55,1991,0,0
55,1992,0,0
55,1993,0,0
55,1994,0,0
55,1995,0,0
55,1996,0,0
55,1997,0,0
55,1998,0,0
55,1999,0,0
55,2000,0,0
55,2001,0,0
55,2002,0,0
55,2003,0,0
55,2004,0,0
55,2005,0,0
55,2006,0,0
55,2007,0,0
55,2008,0,0
55,2009,0,0
55,2010,0,0
70,1981,3,0
70,1982,3,1
70,1983,2,0
70,1984,4,13
70,1985,1,0
70,1986,2,0
70,1987,1,0
70,1988,3,2
70,1989,1,0
70,1990,5,3
70,1991,10,13
70,1992,6,6
70,1993,0,0
70,1994,42,88
70,1995,29,61
70,1996,75,96
70,1997,95,229
70,1998,2,3
70,1999,1,0
70,2000,4,5
70,2001,7,13
70,2002,0,0
70,2003,1,2
70,2004,1,0
70,2005,1,2
70,2006,7,7
70,2007,10,25
70,2008,8,21
70,2009,1,2
70,2010,5,0
90,1981,399,1381
90,1982,354,1562
90,1983,117,530
90,1984,74,171
90,1985,63,137
90,1986,31,54
90,1987,56,211
90,1988,29,135
90,1989,79,43
90,1990,83,68
90,1991,77,73
90,1992,48,28
90,1993,0,0
90,1994,84,22
90,1995,82,40
90,1996,26,14
90,1997,26,22
90,1998,0,0
90,1999,1,3
90,2000,1,2
90,2001,2,1
90,2002,0,0
90,2003,3,1
90,2004,2,3
90,2005,0,0
90,2006,4,5
90,2007,0,0
90,2008,0,0
90,2009,0,0
90,2010,0,0
91,1981,17,7
91,1982,34,24
91,1983,29,75
91,1984,12,5
91,1985,9,7
91,1986,8,10
91,1987,20,21
91,1988,21,32
91,1989,29,9
91,1990,13,3
91,1991,21,18
91,1992,12,5
91,1993,0,0
91,1994,6,10
91,1995,12,8
91,1996,19,11
91,1997,22,14
91,1998,0,0
91,1999,0,0
91,2000,0,0
91,2001,0,0
91,2002,1,0
91,2003,0,0
91,2004,1,28
91,2005,0,0
91,2006,0,0
91,2007,0,0
91,2008,0,0
91,2009,8,2
91,2010,0,0
92,1981,664,1578
92,1982,537,1549
92,1983,371,1667
92,1984,273,1315
92,1985,436,1013
92,1986,175,293
92,1987,234,421
92,1988,367,361
92,1989,356,350
92,1990,184,294
92,1991,500,426
92,1992,29,23
92,1993,0,0
92,1994,21,22
92,1995,9,3
92,1996,7,26
92,1997,2,1
92,1998,0,0
92,1999,0,0
92,2000,0,0
92,2001,0,0
92,2002,0,0
92,2003,0,0
92,2004,0,0
92,2005,0,0
92,2006,0,0
92,2007,0,0
92,2008,0,0
92,2009,0,0
92,2010,0,0
93,1981,47,172
93,1982,63,254
93,1983,299,3277
93,1984,302,3617
93,1985,258,1575
93,1986,171,395
93,1987,223,549
93,1988,62,208
93,1989,21,48
93,1990,15,23
93,1991,80,54
93,1992,30,22
93,1993,0,0
93,1994,19,12
93,1995,18,6
93,1996,26,18
93,1997,7,7
93,1998,0,0
93,1999,1,0
93,2000,1,2
93,2001,0,0
93,2002,0,0
93,2003,0,0
93,2004,0,0
93,2005,0,0
93,2006,0,0
93,2007,0,0
93,2008,0,0
93,2009,0,0
93,2010,0,0
94,1981,10,4
94,1982,6,4
94,1983,3,0
94,1984,2,0
94,1985,5,0
94,1986,1,0
94,1987,3,0
94,1988,2,0
94,1989,1,1
94,1990,1,0
94,1991,2,0
94,1992,2,0
94,1993,0,0
94,1994,1,1
94,1995,0,0
94,1996,1,1
94,1997,1,2
94,1998,0,0
94,1999,0,0
94,2000,0,0
94,2001,1,1
94,2002,0,0
94,2003,0,0
94,2004,0,0
94,2005,0,0
94,2006,0,0
94,2007,0,0
94,2008,0,0
94,2009,0,0
94,2010,0,0
95,1981,4,1
95,1982,0,0
95,1983,9,0
95,1984,2,0
95,1985,0,0
95,1986,5,0
95,1987,4,1
95,1988,1,0
95,1989,2,0
95,1990,15,2
95,1991,16,2
95,1992,37,3
95,1993,0,0
95,1994,3,21
95,1995,6,3
95,1996,2,0
95,1997,6,3
95,1998,0,0
95,1999,1,0
95,2000,1,0
95,2001,0,0
95,2002,0,0
95,2003,0,0
95,2004,0,0
95,2005,0,0
95,2006,0,0
95,2007,0,0
95,2008,0,0
95,2009,1,0
95,2010,0,0
100,1981,172,365
100,1982,222,368
100,1983,234,437
100,1984,237,485
100,1985,382,935
100,1986,307,771
100,1987,337,655
100,1988,427,1096
100,1989,492,751
100,1990,350,694
100,1991,420,742
100,1992,523,631
100,1993,0,0
100,1994,201,218
100,1995,124,525
100,1996,409,611
100,1997,598,1230
100,1998,94,593
100,1999,116,262
100,2000,137,426
100,2001,207,548
100,2002,150,352
100,2003,98,184
100,2004,37,83
100,2005,42,139
100,2006,43,79
100,2007,30,63
100,2008,133,85
100,2009,140,107
100,2010,137,56
101,1981,7,2
101,1982,2,30
101,1983,6,7
101,1984,4,2
101,1985,2,0
101,1986,8,13
101,1987,13,3
101,1988,10,41
101,1989,8,14
101,1990,1,0
101,1991,17,47
101,1992,32,7
101,1993,0,0
101,1994,12,4
101,1995,11,8
101,1996,12,13
101,1997,41,3
101,1998,1,0
101,1999,5,0
101,2000,0,0
101,2001,5,0
101,2002,5,0
101,2003,8,0
101,2004,0,0
101,2005,0,0
101,2006,0,0
101,2007,2,1
101,2008,1,1
101,2009,3,10
101,2010,0,0
110,1981,1,1
110,1982,0,0
110,1983,0,0
110,1984,0,0
110,1985,0,0
110,1986,0,0
110,1987,0,0
110,1988,0,0
110,1989,0,0
110,1990,5,0
110,1991,0,0
110,1992,4,0
110,1993,0,0
110,1994,0,0
110,1995,0,0
110,1996,0,0
110,1997,1,0
110,1998,2,0
110,1999,0,0
110,2000,0,0
110,2001,1,0
110,2002,1,4
110,2003,1,0
110,2004,0,0
110,2005,0,0
110,2006,2,6
110,2007,0,0
110,2008,3,23
110,2009,0,0
110,2010,0,0
115,1981,0,0
115,1982,1,0
115,1983,1,0
115,1984,1,0
115,1985,0,0
115,1986,8,2
115,1987,13,6
115,1988,9,6
115,1989,17,14
115,1990,7,0
115,1991,1,1
115,1992,5,0
115,1993,0,0
115,1994,1,0
115,1995,0,0
115,1996,0,0
115,1997,2,0
115,1998,0,0
115,1999,0,0
115,2000,0,0
115,2001,0,0
115,2002,0,0
115,2003,0,0
115,2004,0,0
115,2005,0,0
115,2006,0,0
115,2007,0,0
115,2008,0,0
115,2009,0,0
115,2010,0,0
130,1981,2,2
130,1982,3,1
130,1983,10,0
130,1984,24,1
130,1985,12,4
130,1986,8,13
130,1987,6,0
130,1988,9,4
130,1989,14,9
130,1990,8,3
130,1991,17,0
130,1992,23,2
130,1993,0,0
130,1994,6,0
130,1995,6,4
130,1996,5,2
130,1997,4,1
130,1998,3,0
130,1999,2,0
130,2000,4,0
130,2001,5,0
130,2002,2,0
130,2003,4,0
130,2004,2,0
130,2005,0,0
130,2006,0,0
130,2007,0,0
130,2008,2,0
130,2009,1,0
130,2010,0,0
135,1981,149,10
135,1982,349,243
135,1983,536,1818
135,1984,592,2467
135,1985,352,729
135,1986,568,513
135,1987,627,773
135,1988,355,855
135,1989,630,1502
135,1990,495,1146
135,1991,658,1412
135,1992,383,818
135,1993,0,0
135,1994,91,81
135,1995,44,103
135,1996,42,74
135,1997,58,47
135,1998,5,7
135,1999,5,28
135,2000,3,4
135,2001,3,16
135,2002,2,9
135,2003,1,7
135,2004,3,6
135,2005,2,7
135,2006,1,7
135,2007,4,18
135,2008,1,0
135,2009,4,19
135,2010,0,0
140,1981,11,2
140,1982,4,27
140,1983,8,0
140,1984,5,0
140,1985,1,0
140,1986,3,14
140,1987,1,0
140,1988,2,0
140,1989,5,1
140,1990,7,3
140,1991,24,12
140,1992,24,28
140,1993,0,0
140,1994,19,15
140,1995,23,13
140,1996,18,22
140,1997,39,28
140,1998,2,0
140,1999,1,1
140,2000,2,0
140,2001,3,1
140,2002,1,0
140,2003,1,0
140,2004,0,0
140,2005,0,0
140,2006,4,20
140,2007,0,0
140,2008,0,0
140,2009,0,0
140,2010,0,0
145,1981,5,1
145,1982,27,0
145,1983,27,0
145,1984,14,1
145,1985,13,0
145,1986,4,1
145,1987,14,1
145,1988,11,2
145,1989,40,2
145,1990,11,6
145,1991,28,7
145,1992,38,5
145,1993,0,0
145,1994,8,1
145,1995,2,0
145,1996,1,0
145,1997,4,4
145,1998,0,0
145,1999,0,0
145,2000,0,0
145,2001,0,0
145,2002,0,0
145,2003,1,0
145,2004,0,0
145,2005,1,0
145,2006,0,0
145,2007,3,0
145,2008,0,0
145,2009,3,0
145,2010,0,0
150,1981,0,0
150,1982,0,0
150,1983,0,0
150,1984,2,1
150,1985,1,0
150,1986,0,0
150,1987,1,0
150,1988,0,0
150,1989,0,0
150,1990,0,0
150,1991,0,0
150,1992,4,0
150,1993,0,0
150,1994,2,1
150,1995,12,0
150,1996,0,0
150,1997,6,1
150,1998,0,0
150,1999,1,2
150,2000,2,0
150,2001,0,0
150,2002,0,0
150,2003,0,0
150,2004,0,0
150,2005,0,0
150,2006,0,0
150,2007,0,0
150,2008,0,0
150,2009,0,0
150,2010,2,2
155,1981,34,19
155,1982,21,2
155,1983,106,15
155,1984,563,37
155,1985,232,30
155,1986,243,22
155,1987,173,9
155,1988,185,19
155,1989,146,19
155,1990,161,8
155,1991,127,16
155,1992,119,12
155,1993,0,0
155,1994,15,0
155,1995,17,1
155,1996,8,2
155,1997,6,0
155,1998,1,0
155,1999,3,0
155,2000,2,0
155,2001,3,0
155,2002,1,0
155,2003,2,0
155,2004,0,0
155,2005,0,0
155,2006,1,0
155,2007,8,0
155,2008,4,0
155,2009,8,0
155,2010,5,0
160,1981,2,0
160,1982,9,1
160,1983,18,1
160,1984,46,1
160,1985,43,2
160,1986,33,2
160,1987,80,3
160,1988,33,1
160,1989,32,26
160,1990,31,1
160,1991,27,1
160,1992,41,32
160,1993,0,0
160,1994,14,86
160,1995,16,0
160,1996,19,1
160,1997,11,3
160,1998,0,0
160,1999,1,0
160,2000,0,0
160,2001,2,0
160,2002,0,0
160,2003,1,0
160,2004,0,0
160,2005,3,0
160,2006,0,0
160,2007,0,0
160,2008,0,0
160,2009,1,0
160,2010,5,0
165,1981,0,0
165,1982,0,0
165,1983,0,0
165,1984,4,0
165,1985,2,0
165,1986,2,0
165,1987,0,0
165,1988,0,0
165,1989,1,1
165,1990,1,0
165,1991,3,0
165,1992,11,0
165,1993,0,0
165,1994,4,0
165,1995,1,0
165,1996,1,0
165,1997,2,0
165,1998,0,0
165,1999,0,0
165,2000,0,0
165,2001,0,0
165,2002,0,0
165,2003,0,0
165,2004,0,0
165,2005,1,0
165,2006,0,0
165,2007,0,0
165,2008,0,0
165,2009,0,0
165,2010,0,0
200,1981,21,5
200,1982,5,9
200,1983,19,5
200,1984,13,8
200,1985,6,1
200,1986,5,2
200,1987,14,3
200,1988,32,272
200,1989,33,15
200,1990,33,3
200,1991,48,1
200,1992,76,8
200,1993,0,0
200,1994,42,0
200,1995,5,2
200,1996,8,3
200,1997,5,0
200,1998,5,0
200,1999,8,2
200,2000,10,0
200,2001,18,1
200,2002,3,0
200,2003,0,0
200,2004,1,0
200,2005,9,56
200,2006,4,0
200,2007,9,1
200,2008,10,0
200,2009,2,0
200,2010,1,0
205,1981,4,2
205,1982,4,2
205,1983,4,5
205,1984,1,1
205,1985,2,2
205,1986,2,0
205,1987,24,6
205,1988,0,0
205,1989,3,3
205,1990,2,0
205,1991,16,3
205,1992,7,0
205,1993,0,0
205,1994,10,4
205,1995,3,1
205,1996,1,1
205,1997,4,0
205,1998,3,1
205,1999,3,0
205,2000,0,0
205,2001,2,0
205,2002,0,0
205,2003,1,0
205,2004,0,0
205,2005,0,0
205,2006,1,1
205,2007,1,0
205,2008,5,0
205,2009,0,0
205,2010,4,0
210,1981,1,0
210,1982,2,0
210,1983,2,0
210,1984,1,0
210,1985,4,0
210,1986,14,0
210,1987,1,0
210,1988,4,4
210,1989,5,0
210,1990,6,2
210,1991,8,0
210,1992,12,0
210,1993,0,0
210,1994,3,0
210,1995,7,1
210,1996,6,0
210,1997,4,6
210,1998,0,0
210,1999,1,0
210,2000,1,0
210,2001,1,0
210,2002,3,2
210,2003,3,0
210,2004,1,1
210,2005,0,0
210,2006,0,0
210,2007,0,0
210,2008,1,0
210,2009,1,7
210,2010,1,0
211,1981,6,6
211,1982,1,0
211,1983,8,2
211,1984,10,0
211,1985,21,10
211,1986,3,0
211,1987,1,1
211,1988,5,1
211,1989,7,4
211,1990,2,2
211,1991,6,1
211,1992,9,1
211,1993,0,0
211,1994,5,0
211,1995,1,0
211,1996,0,0
211,1997,2,4
211,1998,3,0
211,1999,2,0
211,2000,0,0
211,2001,0,0
211,2002,3,0
211,2003,8,0
211,2004,0,0
211,2005,0,0
211,2006,0,0
211,2007,1,0
211,2008,0,0
211,2009,1,0
211,2010,0,0
212,1981,0,0
212,1982,0,0
212,1983,2,0
212,1984,0,0
212,1985,10,0
212,1986,1,0
212,1987,0,0
212,1988,0,0
212,1989,0,0
212,1990,0,0
212,1991,0,0
212,1992,0,0
212,1993,0,0
212,1994,3,0
212,1995,0,0
212,1996,0,0
212,1997,0,0
212,1998,0,0
212,1999,0,0
212,2000,0,0
212,2001,0,0
212,2002,0,0
212,2003,0,0
212,2004,0,0
212,2005,0,0
212,2006,0,0
212,2007,0,0
212,2008,0,0
212,2009,0,0
212,2010,0,0
220,1981,63,7
220,1982,47,17
220,1983,52,19
220,1984,70,11
220,1985,43,16
220,1986,50,23
220,1987,19,3
220,1988,30,4
220,1989,20,3
220,1990,9,1
220,1991,49,6
220,1992,49,4
220,1993,0,0
220,1994,37,6
220,1995,18,9
220,1996,42,7
220,1997,21,0
220,1998,5,0
220,1999,12,0
220,2000,16,2
220,2001,10,0
220,2002,9,0
220,2003,8,0
220,2004,2,0
220,2005,2,0
220,2006,7,1
220,2007,5,3
220,2008,8,0
220,2009,4,0
220,2010,1,0
225,1981,13,2
225,1982,6,0
225,1983,3,0
225,1984,1,0
225,1985,7,0
225,1986,0,0
225,1987,1,1
225,1988,4,0
225,1989,0,0
225,1990,1,1
225,1991,2,0
225,1992,6,6
225,1993,0,0
225,1994,0,0
225,1995,5,1
225,1996,4,1
225,1997,1,0
225,1998,1,0
225,1999,2,0
225,2000,4,0
225,2001,2,14
225,2002,0,0
225,2003,1,0
225,2004,0,0
225,2005,0,0
225,2006,0,0
225,2007,2,0
225,2008,0,0
225,2009,0,0
225,2010,0,0
230,1981,107,39
230,1982,146,42
230,1983,122,42
230,1984,143,51
230,1985,115,70
230,1986,125,57
230,1987,105,64
230,1988,151,25
230,1989,142,29
230,1990,113,32
230,1991,89,46
230,1992,72,29
230,1993,0,0
230,1994,55,17
230,1995,44,18
230,1996,63,5
230,1997,86,11
230,1998,17,6
230,1999,47,0
230,2000,112,29
230,2001,79,14
230,2002,41,5
230,2003,21,3
230,2004,31,193
230,2005,24,0
230,2006,23,2
230,2007,11,0
230,2008,37,3
230,2009,21,3
230,2010,3,0
235,1981,10,2
235,1982,3,3
235,1983,9,8
235,1984,14,3
235,1985,20,1
235,1986,11,1
235,1987,0,0
235,1988,2,2
235,1989,1,1
235,1990,0,0
235,1991,0,0
235,1992,1,0
235,1993,0,0
235,1994,1,2
235,1995,3,0
235,1996,0,0
235,1997,0,0
235,1998,0,0
235,1999,0,0
235,2000,0,0
235,2001,0,0
235,2002,0,0
235,2003,0,0
235,2004,0,0
235,2005,0,0
235,2006,0,0
235,2007,0,0
235,2008,0,0
235,2009,0,0
235,2010,0,0
260,1981,0,0
260,1982,0,0
260,1983,0,0
260,1984,1,0
260,1985,0,0
260,1986,0,0
260,1987,0,0
260,1988,0,0
260,1989,0,0
260,1990,1,0
260,1991,65,10
260,1992,156,17
260,1993,0,0
260,1994,79,2
260,1995,147,10
260,1996,50,1
260,1997,12,0
260,1998,5,0
260,1999,12,3
260,2000,7,0
260,2001,4,0
260,2002,2,0
260,2003,2,0
260,2004,1,0
260,2005,1,0
260,2006,2,0
260,2007,2,0
260,2008,3,0
260,2009,4,0
260,2010,1,0
290,1981,1,0
290,1982,0,0
290,1983,0,0
290,1984,0,0
290,1985,0,0
290,1986,0,0
290,1987,0,0
290,1988,0,0
290,1989,0,0
290,1990,7,1
290,1991,0,0
290,1992,5,4
290,1993,0,0
290,1994,4,0
290,1995,4,0
290,1996,6,0
290,1997,3,2
290,1998,2,0
290,1999,0,0
290,2000,0,0
290,2001,1,0
290,2002,0,0
290,2003,0,0
290,2004,0,0
290,2005,0,0
290,2006,0,0
290,2007,0,0
290,2008,0,0
290,2009,0,0
290,2010,0,0
305,1981,3,3
305,1982,11,0
305,1983,0,0
305,1984,4,2
305,1985,4,4
305,1986,4,0
305,1987,4,0
305,1988,1,0
305,1989,2,3
305,1990,1,0
305,1991,3,0
305,1992,8,0
305,1993,0,0
305,1994,5,0
305,1995,12,6
305,1996,4,0
305,1997,1,0
305,1998,1,0
305,1999,0,0
305,2000,0,0
305,2001,0,0
305,2002,0,0
305,2003,0,0
305,2004,0,0
305,2005,0,0
305,2006,1,0
305,2007,1,0
305,2008,7,0
305,2009,3,1
305,2010,0,0
325,1981,69,24
325,1982,23,12
325,1983,7,2
325,1984,14,23
325,1985,11,19
325,1986,7,1
325,1987,14,3
325,1988,29,6
325,1989,15,0
325,1990,6,0
325,1991,30,0
325,1992,37,17
325,1993,0,0
325,1994,18,2
325,1995,1,0
325,1996,8,0
325,1997,8,0
325,1998,6,0
325,1999,7,1
325,2000,8,0
325,2001,11,0
325,2002,7,1
325,2003,15,0
325,2004,3,1
325,2005,6,1
325,2006,4,0
325,2007,0,0
325,2008,2,0
325,2009,4,0
325,2010,10,0
338,1981,0,0
338,1982,0,0
338,1983,0,0
338,1984,7,0
338,1985,1,0
338,1986,1,1
338,1987,4,0
338,1988,0,0
338,1989,0,0
338,1990,0,0
338,1991,0,0
338,1992,2,3
338,1993,0,0
338,1994,0,0
338,1995,2,1
338,1996,0,0
338,1997,1,0
338,1998,0,0
338,1999,0,0
338,2000,0,0
338,2001,0,0
338,2002,0,0
338,2003,0,0
338,2004,0,0
338,2005,0,0
338,2006,0,0
338,2007,0,0
338,2008,0,0
338,2009,0,0
338,2010,0,0
339,1981,1,0
339,1982,0,0
339,1983,0,0
339,1984,0,0
339,1985,0,0
339,1986,0,0
339,1987,0,0
339,1988,0,0
339,1989,0,0
339,1990,1,0
339,1991,1,0
339,1992,3,1
339,1993,0,0
339,1994,2,1
339,1995,0,0
339,1996,6,7
339,1997,41,26
339,1998,7,0
339,1999,3,6
339,2000,2,0
339,2001,1,0
339,2002,0,0
339,2003,1,0
339,2004,0,0
339,2005,0,0
339,2006,0,0
339,2007,0,0
339,2008,0,0
339,2009,1,0
339,2010,0,0
345,1981,2,0
345,1982,0,0
345,1983,1,2
345,1984,1,2
345,1985,0,0
345,1986,0,0
345,1987,0,0
345,1988,0,0
345,1989,3,0
345,1990,5,0
345,1991,13,7
345,1992,12,3
345,1993,0,0
345,1994,1,0
345,1995,3,2
345,1996,16,9
345,1997,38,9
345,1998,46,57
345,1999,23,14
345,2000,14,5
345,2001,20,8
345,2002,3,0
345,2003,0,0
345,2004,0,0
345,2005,0,0
345,2006,0,0
345,2007,0,0
345,2008,2,0
345,2009,3,0
345,2010,1,0
350,1981,20,3
350,1982,19,2
350,1983,11,4
350,1984,28,5
350,1985,35,64
350,1986,41,6
350,1987,26,2
350,1988,38,14
350,1989,50,4
350,1990,55,2
350,1991,57,15
350,1992,35,2
350,1993,0,0
350,1994,42,3
350,1995,8,0
350,1996,20,0
350,1997,21,1
350,1998,28,0
350,1999,35,1
350,2000,28,1
350,2001,14,0
350,2002,11,0
350,2003,12,0
350,2004,4,0
350,2005,6,0
350,2006,23,0
350,2007,16,63
350,2008,53,0
350,2009,115,1
350,2010,51,4
352,1981,3,0
352,1982,1,0
352,1983,2,0
352,1984,7,6
352,1985,7,3
352,1986,3,1
352,1987,10,1
352,1988,5,6
352,1989,6,1
352,1990,11,0
352,1991,11,0
352,1992,6,0
352,1993,0,0
352,1994,6,2
352,1995,3,0
352,1996,10,3
352,1997,0,0
352,1998,1,0
352,1999,1,0
352,2000,2,0
352,2001,1,0
352,2002,0,0
352,2003,0,0
352,2004,1,0
352,2005,0,0
352,2006,0,0
352,2007,1,0
352,2008,0,0
352,2009,0,0
352,2010,0,0
355,1981,0,0
355,1982,2,2
355,1983,0,0
355,1984,1,0
355,1985,0,0
355,1986,0,0
355,1987,0,0
355,1988,0,0
355,1989,0,0
355,1990,5,0
355,1991,3,0
355,1992,2,0
355,1993,0,0
355,1994,2,1
355,1995,2,3
355,1996,12,9
355,1997,3,0
355,1998,2,0
355,1999,1,0
355,2000,2,4
355,2001,1,0
355,2002,1,1
355,2003,0,0
355,2004,0,0
355,2005,0,0
355,2006,0,0
355,2007,0,0
355,2008,2,0
355,2009,0,0
355,2010,0,0
360,1981,0,0
360,1982,0,0
360,1983,0,0
360,1984,1,1
360,1985,1,2
360,1986,0,0
360,1987,0,0
360,1988,0,0
360,1989,0,0
360,1990,0,0
360,1991,1,1
360,1992,1,0
360,1993,0,0
360,1994,0,0
360,1995,1,0
360,1996,0,0
360,1997,0,0
360,1998,0,0
360,1999,0,0
360,2000,0,0
360,2001,0,0
360,2002,0,0
360,2003,0,0
360,2004,0,0
360,2005,0,0
360,2006,0,0
360,2007,0,0
360,2008,1,0
360,2009,0,0
360,2010,0,0
380,1981,0,0
380,1982,0,0
380,1983,1,1
380,1984,0,0
380,1985,0,0
380,1986,3,1
380,1987,0,0
380,1988,0,0
380,1989,3,0
380,1990,6,1
380,1991,6,1
380,1992,12,2
380,1993,0,0
380,1994,1,0
380,1995,1,0
380,1996,1,0
380,1997,4,1
380,1998,0,0
380,1999,2,0
380,2000,1,0
380,2001,0,0
380,2002,0,0
380,2003,0,0
380,2004,0,0
380,2005,3,0
380,2006,1,0
380,2007,0,0
380,2008,1,0
380,2009,1,0
380,2010,3,1
385,1981,1,0
385,1982,0,0
385,1983,0,0
385,1984,0,0
385,1985,0,0
385,1986,0,0
385,1987,2,1
385,1988,0,0
385,1989,0,0
385,1990,0,0
385,1991,2,0
385,1992,2,0
385,1993,0,0
385,1994,2,0
385,1995,0,0
385,1996,1,0
385,1997,0,0
385,1998,0,0
385,1999,0,0
385,2000,0,0
385,2001,1,1
385,2002,0,0
385,2003,1,0
385,2004,0,0
385,2005,0,0
385,2006,1,0
385,2007,0,0
385,2008,0,0
385,2009,0,0
385,2010,1,0
390,1981,6,0
390,1982,0,0
390,1983,0,0
390,1984,0,0
390,1985,4,1
390,1986,2,0
390,1987,2,0
390,1988,1,0
390,1989,1,0
390,1990,0,0
390,1991,1,0
390,1992,4,1
390,1993,0,0
390,1994,0,0
390,1995,6,0
390,1996,0,0
390,1997,0,0
390,1998,0,0
390,1999,1,0
390,2000,0,0
390,2001,0,0
390,2002,0,0
390,2003,0,0
390,2004,0,0
390,2005,0,0
390,2006,0,0
390,2007,0,0
390,2008,1,0
390,2009,0,0
390,2010,1,0
395,1981,0,0
395,1982,0,0
395,1983,1,0
395,1984,0,0
395,1985,0,0
395,1986,1,0
395,1987,0,0
395,1988,0,0
395,1989,0,0
395,1990,0,0
395,1991,0,0
395,1992,0,0
395,1993,0,0
395,1994,0,0
395,1995,0,0
395,1996,0,0
395,1997,0,0
395,1998,0,0
395,1999,0,0
395,2000,0,0
395,2001,0,0
395,2002,0,0
395,2003,0,0
395,2004,0,0
395,2005,0,0
395,2006,0,0
395,2007,0,0
395,2008,0,0
395,2009,0,0
395,2010,0,0
439,1981,0,0
439,1982,0,0
439,1983,0,0
439,1984,1,1
439,1985,0,0
439,1986,0,0
439,1987,0,0
439,1988,0,0
439,1989,0,0
439,1990,0,0
439,1991,2,1
439,1992,0,0
439,1993,0,0
439,1994,0,0
439,1995,0,0
439,1996,0,0
439,1997,0,0
439,1998,0,0
439,1999,0,0
439,2000,0,0
439,2001,0,0
439,2002,0,0
439,2003,0,0
439,2004,0,0
439,2005,0,0
439,2006,0,0
439,2007,0,0
439,2008,0,0
439,2009,0,0
439,2010,0,0
475,1981,0,0
475,1982,0,0
475,1983,3,1
475,1984,0,0
475,1985,0,0
475,1986,0,0
475,1987,0,0
475,1988,2,4
475,1989,0,0
475,1990,0,0
475,1991,3,10
475,1992,13,135
475,1993,0,0
475,1994,8,15
475,1995,1,1
475,1996,11,24
475,1997,20,107
475,1998,2,9
475,1999,18,134
475,2000,7,20
475,2001,5,3
475,2002,6,28
475,2003,9,28
475,2004,6,41
475,2005,9,19
475,2006,37,254
475,2007,62,86
475,2008,76,72
475,2009,42,316
475,2010,63,117
482,1981,1,3
482,1982,0,0
482,1983,0,0
482,1984,0,0
482,1985,0,0
482,1986,1,0
482,1987,0,0
482,1988,0,0
482,1989,0,0
482,1990,0,0
482,1991,4,3
482,1992,1,1
482,1993,0,0
482,1994,1,2
482,1995,0,0
482,1996,1,2
482,1997,0,0
482,1998,0,0
482,1999,0,0
482,2000,1,1
482,2001,1,7
482,2002,0,0
482,2003,0,0
482,2004,0,0
482,2005,0,0
482,2006,1,4
482,2007,1,1
482,2008,2,1
482,2009,5,38
482,2010,13,46
483,1981,0,0
483,1982,0,0
483,1983,0,0
483,1984,1,0
483,1985,1,0
483,1986,1,0
483,1987,0,0
483,1988,0,0
483,1989,0,0
483,1990,0,0
483,1991,2,40
483,1992,4,170
483,1993,0,0
483,1994,1,1
483,1995,3,0
483,1996,1,1
483,1997,1,2
483,1998,1,0
483,1999,1,77
483,2000,0,0
483,2001,0,0
483,2002,4,21
483,2003,0,0
483,2004,0,0
483,2005,0,0
483,2006,11,103
483,2007,7,136
483,2008,8,11
483,2009,3,0
483,2010,1,0
484,1981,0,0
484,1982,1,15
484,1983,0,0
484,1984,0,0
484,1985,0,0
484,1986,0,0
484,1987,0,0
484,1988,0,0
484,1989,0,0
484,1990,0,0
484,1991,0,0
484,1992,0,0
484,1993,0,0
484,1994,8,12
484,1995,0,0
484,1996,1,0
484,1997,2,2
484,1998,0,0
484,1999,3,107
484,2000,0,0
484,2001,2,0
484,2002,4,17
484,2003,2,18
484,2004,0,0
484,2005,0,0
484,2006,1,0
484,2007,0,0
484,2008,0,0
484,2009,0,0
484,2010,0,0
490,1981,0,0
490,1982,0,0
490,1983,0,0
490,1984,3,2
490,1985,0,0
490,1986,0,0
490,1987,0,0
490,1988,1,28
490,1989,0,0
490,1990,0,0
490,1991,6,3
490,1992,5,10
490,1993,0,0
490,1994,7,2
490,1995,6,43
490,1996,13,223
490,1997,6,21
490,1998,4,67
490,1999,3,7
490,2000,3,40
490,2001,3,15
490,2002,6,16
490,2003,5,135
490,2004,5,22
490,2005,4,22
490,2006,4,23
490,2007,11,72
490,2008,20,310
490,2009,54,424
490,2010,18,118
500,1981,25,57
500,1982,1,0
500,1983,6,121
500,1984,3,235
500,1985,7,32
500,1986,1,1
500,1987,1,1
500,1988,15,160
500,1989,15,72
500,1990,14,84
500,1991,2,2
500,1992,3,2
500,1993,0,0
500,1994,13,22
500,1995,7,145
500,1996,28,409
500,1997,24,239
500,1998,18,81
500,1999,19,75
500,2000,20,293
500,2001,24,56
500,2002,24,173
500,2003,30,231
500,2004,10,193
500,2005,11,80
500,2006,0,0
500,2007,1,2
500,2008,8,33
500,2009,2,11
500,2010,6,75
510,1981,0,0
510,1982,1,0
510,1983,0,0
510,1984,0,0
510,1985,0,0
510,1986,0,0
510,1987,0,0
510,1988,0,0
510,1989,0,0
510,1990,0,0
510,1991,0,0
510,1992,0,0
510,1993,0,0
510,1994,1,1
510,1995,1,0
510,1996,0,0
510,1997,1,1
510,1998,1,11
510,1999,0,0
510,2000,2,0
510,2001,4,2
510,2002,2,24
510,2003,0,0
510,2004,1,0
510,2005,0,0
510,2006,0,0
510,2007,0,0
510,2008,1,0
510,2009,0,0
510,2010,1,0
520,1981,8,0
520,1982,0,0
520,1983,1,0
520,1984,2,0
520,1985,0,0
520,1986,0,0
520,1987,1,0
520,1988,2,0
520,1989,2,30
520,1990,12,5
520,1991,8,6
520,1992,21,8
520,1993,0,0
520,1994,57,78
520,1995,13,29
520,1996,16,28
520,1997,19,145
520,1998,1,0
520,1999,4,9
520,2000,9,36
520,2001,5,3
520,2002,3,6
520,2003,1,7
520,2004,2,6
520,2005,6,20
520,2006,10,21
520,2007,156,408
520,2008,172,431
520,2009,123,380
520,2010,129,295
530,1981,0,0
530,1982,0,0
530,1983,3,0
530,1984,1,200
530,1985,1,0
530,1986,1,40
530,1987,1,0
530,1988,2,0
530,1989,1,1
530,1990,10,17
530,1991,5,161
530,1992,13,330
530,1993,0,0
530,1994,4,6
530,1995,5,5
530,1996,7,133
530,1997,6,8
530,1998,0,0
530,1999,2,2
530,2000,1,3
530,2001,0,0
530,2002,3,1
530,2003,1,2
530,2004,2,1
530,2005,5,9.000001
530,2006,11,12
530,2007,5,204
530,2008,8,27
530,2009,2,13
530,2010,2,8
540,1981,1,3
540,1982,2,2
540,1983,7,282
540,1984,11,179
540,1985,6,6
540,1986,5,119
540,1987,3,5
540,1988,12,145
540,1989,12,88
540,1990,206,147
540,1991,16,69
540,1992,50,97
540,1993,0,0
540,1994,9,108
540,1995,10,52
540,1996,4,18
540,1997,7,34
540,1998,20,275
540,1999,34,299
540,2000,22,178
540,2001,40,745
540,2002,6,59
540,2003,0,0
540,2004,0,0
540,2005,0,0
540,2006,0,0
540,2007,0,0
540,2008,0,0
540,2009,1,2
540,2010,2,4
541,1981,3,6
541,1982,9,18
541,1983,4,5
541,1984,10,56
541,1985,5,8
541,1986,7,470
541,1987,11,468
541,1988,16,145
541,1989,64,710
541,1990,23,185
541,1991,35,271
541,1992,19,155
541,1993,0,0
541,1994,3,0
541,1995,3,15
541,1996,0,0
541,1997,0,0
541,1998,0,0
541,1999,1,0
541,2000,3,1
541,2001,0,0
541,2002,0,0
541,2003,0,0
541,2004,0,0
541,2005,0,0
541,2006,0,0
541,2007,1,6
541,2008,0,0
541,2009,0,0
541,2010,0,0
551,1981,1,0
551,1982,0,0
551,1983,0,0
551,1984,0,0
551,1985,1,0
551,1986,1,2
551,1987,1,0
551,1988,5,9
551,1989,18,33
551,1990,4,20
551,1991,0,0
551,1992,0,0
551,1993,0,0
551,1994,0,0
551,1995,1,0
551,1996,4,0
551,1997,0,0
551,1998,0,0
551,1999,7,1
551,2000,8,0
551,2001,0,0
551,2002,1,0
551,2003,0,0
551,2004,0,0
551,2005,0,0
551,2006,0,0
551,2007,0,0
551,2008,0,0
551,2009,0,0
551,2010,0,0
552,1981,9,13
552,1982,12,22
552,1983,6,11
552,1984,3,4
552,1985,1,5
552,1986,1,1
552,1987,11,35
552,1988,1,2
552,1989,3,21
552,1990,6,9
552,1991,1,0
552,1992,1,0
552,1993,0,0
552,1994,1,0
552,1995,2,0
552,1996,0,0
552,1997,0,0
552,1998,0,0
552,1999,0,0
552,2000,1,0
552,2001,3,1
552,2002,8,8
552,2003,1,0
552,2004,0,0
552,2005,0,0
552,2006,1,0
552,2007,1,0
552,2008,5,7
552,2009,0,0
552,2010,1,1
560,1981,43,18
560,1982,26,9
560,1983,57,29
560,1984,61,22
560,1985,108,88
560,1986,160,158
560,1987,136,124
560,1988,247,161
560,1989,150,57
560,1990,154,150
560,1991,127,384
560,1992,272,708
560,1993,0,0
560,1994,174,447
560,1995,32,105
560,1996,47,82
560,1997,17,23
560,1998,6,13
560,1999,17,4
560,2000,21,18
560,2001,0,0
560,2002,8,1
560,2003,0,0
560,2004,0,0
560,2005,0,0
560,2006,0,0
560,2007,2,1
560,2008,1,0
560,2009,0,0
560,2010,0,0
565,1981,0,0
565,1982,2,2
565,1983,5,4
565,1984,24,26
565,1985,7,68
565,1986,0,0
565,1987,5,2
565,1988,17,25
565,1989,10,1
565,1990,2,0
565,1991,1,3
565,1992,0,0
565,1993,0,0
565,1994,1,0
565,1995,0,0
565,1996,0,0
565,1997,0,0
565,1998,0,0
565,1999,1,13
565,2000,21,24
565,2001,6,1
565,2002,0,0
565,2003,0,0
565,2004,0,0
565,2005,0,0
565,2006,0,0
565,2007,0,0
565,2008,0,0
565,2009,0,0
565,2010,0,0
570,1981,4,0
570,1982,2,0
570,1983,11,29
570,1984,0,0
570,1985,0,0
570,1986,0,0
570,1987,0,0
570,1988,1,4
570,1989,0,0
570,1990,0,0
570,1991,0,0
570,1992,0,0
570,1993,0,0
570,1994,3,0
570,1995,0,0
570,1996,0,0
570,1997,0,0
570,1998,0,0
570,1999,0,0
570,2000,0,0
570,2001,0,0
570,2002,0,0
570,2003,0,0
570,2004,0,0
570,2005,0,0
570,2006,1,0
570,2007,0,0
570,2008,0,0
570,2009,1,0
570,2010,0,0
572,1981,0,0
572,1982,1,0
572,1983,0,0
572,1984,1,1
572,1985,0,0
572,1986,1,0
572,1987,0,0
572,1988,0,0
572,1989,1,0
572,1990,0,0
572,1991,1,0
572,1992,1,0
572,1993,0,0
572,1994,0,0
572,1995,1,0
572,1996,0,0
572,1997,1,0
572,1998,1,1
572,1999,1,0
572,2000,0,0
572,2001,0,0
572,2002,0,0
572,2003,1,0
572,2004,0,0
572,2005,0,0
572,2006,1,0
572,2007,0,0
572,2008,3,0
572,2009,0,0
572,2010,0,0
591,1981,2,0
591,1982,0,0
591,1983,0,0
591,1984,0,0
591,1985,0,0
591,1986,0,0
591,1987,0,0
591,1988,0,0
591,1989,0,0
591,1990,0,0
591,1991,0,0
591,1992,0,0
591,1993,0,0
591,1994,0,0
591,1995,0,0
591,1996,0,0
591,1997,0,0
591,1998,0,0
591,1999,0,0
591,2000,0,0
591,2001,0,0
591,2002,0,0
591,2003,0,0
591,2004,0,0
591,2005,0,0
591,2006,0,0
591,2007,0,0
591,2008,0,0
591,2009,0,0
591,2010,0,0
620,1981,0,0
620,1982,0,0
620,1983,0,0
620,1984,3,15
620,1985,0,0
620,1986,0,0
620,1987,0,0
620,1988,0,0
620,1989,0,0
620,1990,0,0
620,1991,0,0
620,1992,1,0
620,1993,0,0
620,1994,0,0
620,1995,1,0
620,1996,4,12
620,1997,0,0
620,1998,0,0
620,1999,0,0
620,2000,0,0
620,2001,0,0
620,2002,0,0
620,2003,0,0
620,2004,0,0
620,2005,0,0
620,2006,0,0
620,2007,1,0
620,2008,1,0
620,2009,0,0
620,2010,0,0
625,1981,1,2
625,1982,3,0
625,1983,3,0
625,1984,5,305
625,1985,0,0
625,1986,6,8
625,1987,1,0
625,1988,10,58
625,1989,8,14
625,1990,1,0
625,1991,3,32
625,1992,7,13
625,1993,0,0
625,1994,5,17
625,1995,4,6
625,1996,10,40
625,1997,3,1
625,1998,0,0
625,1999,5,16
625,2000,7,27
625,2001,9,13
625,2002,13,589.000041
625,2003,0,0
625,2004,5,28
625,2005,6,54
625,2006,24,464
625,2007,23,317
625,2008,32,205
625,2009,25,75
625,2010,28,81
630,1981,108,224
630,1982,27,139
630,1983,10,0
630,1984,17,29
630,1985,3,22
630,1986,6,39
630,1987,1,0
630,1988,5,16
630,1989,6,14
630,1990,11,10
630,1991,9,2
630,1992,16,9
630,1993,0,0
630,1994,43,74
630,1995,8,0
630,1996,3,3
630,1997,2,4
630,1998,5,6
630,1999,8,4
630,2000,15,5
630,2001,5,2
630,2002,1,0
630,2003,2,0
630,2004,0,0
630,2005,5,13
630,2006,14,48
630,2007,9,24
630,2008,8,26
630,2009,17,97
630,2010,14,113
640,1981,8,11
640,1982,5,9
640,1983,5,2
640,1984,19,27
640,1985,2,1
640,1986,8,27
640,1987,43,187
640,1988,42,102
640,1989,114,232
640,1990,193,509
640,1991,293,308
640,1992,515,1247
640,1993,0,0
640,1994,299,982
640,1995,133,189
640,1996,54,117
640,1997,44,60
640,1998,24,43
640,1999,109,127
640,2000,35,12
640,2001,19,17
640,2002,5,0
640,2003,19,45
640,2004,27,23
640,2005,41,35
640,2006,40,38
640,2007,29,25
640,2008,32,42
640,2009,13,18
640,2010,20,13
645,1981,3,0
645,1982,5,96
645,1983,3,1
645,1984,2,0
645,1985,0,0
645,1986,0,0
645,1987,3,0
645,1988,4,43
645,1989,4,0
645,1990,0,0
645,1991,3,1
645,1992,34,103
645,1993,0,0
645,1994,18,75
645,1995,17,156
645,1996,12,11
645,1997,21,106
645,1998,6,13
645,1999,12,32
645,2000,10,10
645,2001,3,9
645,2002,6,10
645,2003,87,347
645,2004,320,2156
645,2005,618,3334.99999
645,2006,837,4594.99999
645,2007,1042,6541
645,2008,1104,2850
645,2009,1135,2575
645,2010,1180,2051
651,1981,9,67
651,1982,1,0
651,1983,0,0
651,1984,0,0
651,1985,2,2
651,1986,4,12
651,1987,7,1
651,1988,9,1
651,1989,7,1
651,1990,13,21
651,1991,10,8
651,1992,79,49
651,1993,0,0
651,1994,143,173
651,1995,102,134
651,1996,51,97
651,1997,22,165
651,1998,3,9
651,1999,1,1
651,2000,0,0
651,2001,0,0
651,2002,0,0
651,2003,0,0
651,2004,2,38
651,2005,2,92
651,2006,5,19
651,2007,0,0
651,2008,1,0
651,2009,2,1
651,2010,2,0
652,1981,41,192
652,1982,20,98
652,1983,1,1
652,1984,1,0
652,1985,1,30
652,1986,4,8
652,1987,0,0
652,1988,0,0
652,1989,1,0
652,1990,0,0
652,1991,0,0
652,1992,0,0
652,1993,0,0
652,1994,0,0
652,1995,0,0
652,1996,3,15
652,1997,1,2
652,1998,1,0
652,1999,0,0
652,2000,0,0
652,2001,0,0
652,2002,0,0
652,2003,0,0
652,2004,1,4
652,2005,0,0
652,2006,1,5
652,2007,0,0
652,2008,2,19
652,2009,0,0
652,2010,0,0
660,1981,81,264
660,1982,121,247
660,1983,234,607
660,1984,166,61
660,1985,96,644
660,1986,107,247
660,1987,94,178
660,1988,125,176
660,1989,141,113
660,1990,84,113
660,1991,91,98
660,1992,91,79
660,1993,0,0
660,1994,67,57
660,1995,38,35
660,1996,41,59
660,1997,46,36
660,1998,23,17
660,1999,42,23
660,2000,12,12
660,2001,5,0
660,2002,8,2
660,2003,5,3
660,2004,2,1
660,2005,17,22
660,2006,7,12
660,2007,18,40
660,2008,59,142
660,2009,14,17
660,2010,5,2
663,1981,2,0
663,1982,1,0
663,1983,7,0
663,1984,5,1
663,1985,0,0
663,1986,0,0
663,1987,0,0
663,1988,1,0
663,1989,0,0
663,1990,3,0
663,1991,11,1
663,1992,2,1
663,1993,0,0
663,1994,6,0
663,1995,3,1
663,1996,2,0
663,1997,3,0
663,1998,1,0
663,1999,2,0
663,2000,2,0
663,2001,2,1
663,2002,2,3
663,2003,0,0
663,2004,0,0
663,2005,4,62
663,2006,1,1
663,2007,0,0
663,2008,0,0
663,2009,0,0
663,2010,2,1
666,1981,36,3
666,1982,71,3
666,1983,31,16
666,1984,25,7
666,1985,20,0
666,1986,48,35
666,1987,23,11
666,1988,35,13
666,1989,86,27
666,1990,98,57
666,1991,64,31
666,1992,78,38
666,1993,0,0
666,1994,54,59
666,1995,12,18
666,1996,16,71
666,1997,13,31
666,1998,14,19
666,1999,8,6
666,2000,15,11
666,2001,79,138
666,2002,74,310
666,2003,37,154
666,2004,18,59
666,2005,43,45
666,2006,78,51
666,2007,53,17
666,2008,130,30
666,2009,36,1
666,2010,14,4
670,1981,0,0
670,1982,0,0
670,1983,0,0
670,1984,2,0
670,1985,2,1
670,1986,1,62
670,1987,0,0
670,1988,1,0
670,1989,3,1
670,1990,0,0
670,1991,2,0
670,1992,0,0
670,1993,0,0
670,1994,2,0
670,1995,3,14
670,1996,1,19
670,1997,0,0
670,1998,0,0
670,1999,0,0
670,2000,5,1
670,2001,3,2
670,2002,2,1
670,2003,8,54.99999
670,2004,17,69
670,2005,1,1
670,2006,3,4
670,2007,1,3
670,2008,0,0
670,2009,3,5
670,2010,0,0
678,1981,1,1
678,1982,0,0
678,1983,0,0
678,1984,0,0
678,1985,0,0
678,1986,0,0
678,1987,0,0
678,1988,1,0
678,1989,0,0
678,1990,0,0
678,1991,5,1
678,1992,25,24
678,1993,0,0
678,1994,19,14
678,1995,8,4
678,1996,8,3
678,1997,19,11
678,1998,7,8
678,1999,17,11
678,2000,9,19
678,2001,7,2
678,2002,7,4
678,2003,7,16
678,2004,0,0
678,2005,7,12
678,2006,5,14
678,2007,7,24
678,2008,22,74
678,2009,23,44
678,2010,112,358
680,1981,0,0
680,1982,0,0
680,1983,1,0
680,1984,0,0
680,1985,0,0
680,1986,0,0
680,1987,0,0
680,1988,0,0
680,1989,0,0
680,1990,0,0
680,1991,0,0
680,1992,0,0
680,1993,0,0
680,1994,0,0
680,1995,0,0
680,1996,0,0
680,1997,0,0
680,1998,0,0
680,1999,0,0
680,2000,0,0
680,2001,0,0
680,2002,0,0
680,2003,0,0
680,2004,0,0
680,2005,0,0
680,2006,0,0
680,2007,0,0
680,2008,0,0
680,2009,0,0
680,2010,0,0
690,1981,3,2
690,1982,1,0
690,1983,7,1
690,1984,1,4
690,1985,2,11
690,1986,1,0
690,1987,12,1
690,1988,4,2
690,1989,0,0
690,1990,0,0
690,1991,5,1
690,1992,15,2
690,1993,0,0
690,1994,2,0
690,1995,0,0
690,1996,0,0
690,1997,2,0
690,1998,0,0
690,1999,0,0
690,2000,0,0
690,2001,2,2
690,2002,1,4
690,2003,3,1
690,2004,0,0
690,2005,2,2
690,2006,0,0
690,2007,0,0
690,2008,0,0
690,2009,0,0
690,2010,0,0
694,1981,0,0
694,1982,1,1
694,1983,0,0
694,1984,0,0
694,1985,0,0
694,1986,0,0
694,1987,0,0
694,1988,0,0
694,1989,1,3
694,1990,0,0
694,1991,0,0
694,1992,0,0
694,1993,0,0
694,1994,0,0
694,1995,0,0
694,1996,1,0
694,1997,0,0
694,1998,0,0
694,1999,0,0
694,2000,1,0
694,2001,1,1
694,2002,0,0
694,2003,0,0
694,2004,0,0
694,2005,1,2
694,2006,0,0
694,2007,0,0
694,2008,0,0
694,2009,0,0
694,2010,0,0
696,1981,3,2
696,1982,0,0
696,1983,1,111
696,1984,0,0
696,1985,2,0
696,1986,1,0
696,1987,0,0
696,1988,0,0
696,1989,1,1
696,1990,0,0
696,1991,0,0
696,1992,1,0
696,1993,0,0
696,1994,0,0
696,1995,2,0
696,1996,0,0
696,1997,0,0
696,1998,0,0
696,1999,0,0
696,2000,0,0
696,2001,0,0
696,2002,0,0
696,2003,0,0
696,2004,0,0
696,2005,0,0
696,2006,0,0
696,2007,0,0
696,2008,0,0
696,2009,0,0
696,2010,1,0
732,1981,0,0
732,1982,1,1
732,1983,1,1
732,1984,0,0
732,1985,0,0
732,1986,2,5
732,1987,0,0
732,1988,8,0
732,1989,1,0
732,1990,3,0
732,1991,6,0
732,1992,3,1
732,1993,0,0
732,1994,2,1
732,1995,4,0
732,1996,1,0
732,1997,0,0
732,1998,0,0
732,1999,0,0
732,2000,0,0
732,2001,1,0
732,2002,0,0
732,2003,1,0
732,2004,0,0
732,2005,0,0
732,2006,1,0
732,2007,0,0
732,2008,0,0
732,2009,0,0
732,2010,0,0
740,1981,1,0
740,1982,3,1
740,1983,12,2
740,1984,15,0
740,1985,10,2
740,1986,10,3
740,1987,10,1
740,1988,16,0
740,1989,13,2
740,1990,93,2
740,1991,19,1
740,1992,40,0
740,1993,0,0
740,1994,9,8
740,1995,20,14
740,1996,8,0
740,1997,5,0
740,1998,1,0
740,1999,2,0
740,2000,13,0
740,2001,3,0
740,2002,2,0
740,2003,2,0
740,2004,0,0
740,2005,0,0
740,2006,0,0
740,2007,0,0
740,2008,3,0
740,2009,1,0
740,2010,0,0
750,1981,16,24
750,1982,13,64
750,1983,47,59
750,1984,159,195
750,1985,39,51
750,1986,96,340
750,1987,166,506
750,1988,362,971
750,1989,324,874
750,1990,349,907
750,1991,339,1113
750,1992,239,1154
750,1993,0,0
750,1994,107,389
750,1995,179,361
750,1996,211,569
750,1997,193,853
750,1998,62,428
750,1999,112,464
750,2000,179,660
750,2001,234,658
750,2002,183,589
750,2003,196,453
750,2004,108,331
750,2005,145,462.99999
750,2006,166,721
750,2007,154,634
750,2008,517,765
750,2009,673,783
750,2010,661,811
770,1981,4,4
770,1982,5,3
770,1983,9,10
770,1984,3,12
770,1985,2,0
770,1986,24,60
770,1987,60,183
770,1988,43,135
770,1989,45,56
770,1990,86,187
770,1991,150,231
770,1992,83,150
770,1993,0,0
770,1994,154,354
770,1995,666,712
770,1996,180,423
770,1997,206,443
770,1998,37,151
770,1999,39,127
770,2000,49,118
770,2001,53,109
770,2002,45,103
770,2003,29,119
770,2004,67,304
770,2005,78,150
770,2006,164,311
770,2007,255,1421
770,2008,565,1176
770,2009,667,1471
770,2010,713,1657
771,1981,1,6
771,1982,1,0
771,1983,0,0
771,1984,1,1
771,1985,1,0
771,1986,11,54
771,1987,6,26
771,1988,36,87
771,1989,36,131
771,1990,22,66
771,1991,42,69
771,1992,76,101
771,1993,0,0
771,1994,68,30
771,1995,74,35
771,1996,161,89
771,1997,17,14
771,1998,2,0
771,1999,11,30
771,2000,22,10
771,2001,15,57
771,2002,5,21
771,2003,4,3
771,2004,11,33
771,2005,22,43
771,2006,24,19
771,2007,9,1
771,2008,19,9
771,2009,28,19
771,2010,22,15
775,1981,0,0
775,1982,2,3
775,1983,4,21
775,1984,0,0
775,1985,0,0
775,1986,0,0
775,1987,1,0
775,1988,23,93
775,1989,24,80
775,1990,9,71
775,1991,22,90
775,1992,12,139
775,1993,0,0
775,1994,8,18
775,1995,12,30
775,1996,13,86
775,1997,35,16
775,1998,0,0
775,1999,4,10
775,2000,0,0
775,2001,3,8
775,2002,4,5
775,2003,9,14
775,2004,2,1
775,2005,8,20.999999
775,2006,2,0
775,2007,3,10
775,2008,20,14
775,2009,14,46
775,2010,11,13
780,1981,2,3
780,1982,2,7
780,1983,7,6
780,1984,81,485
780,1985,110,611
780,1986,143,718
780,1987,115,1274
780,1988,347,874
780,1989,510,1822
780,1990,141,1505
780,1991,115,1034
780,1992,103,984
780,1993,0,0
780,1994,35,186
780,1995,126,1020
780,1996,176,815
780,1997,64,486
780,1998,35,670
780,1999,46,212
780,2000,68,449
780,2001,36,194
780,2002,3,3
780,2003,9,23
780,2004,33,30
780,2005,133,125
780,2006,217,996
780,2007,132,408
780,2008,101,351
780,2009,38,199
780,2010,3,2
800,1981,18,21
800,1982,3,1
800,1983,1,0
800,1984,1,0
800,1985,1,0
800,1986,3,0
800,1987,0,0
800,1988,5,10
800,1989,16,35
800,1990,10,22
800,1991,8,11
800,1992,25,39
800,1993,0,0
800,1994,24,17
800,1995,12,19
800,1996,19,10
800,1997,20,18
800,1998,4,4
800,1999,4,0
800,2000,4,7
800,2001,15,11
800,2002,12,16
800,2003,6,6
800,2004,44,32
800,2005,155,130
800,2006,202,194
800,2007,292,264
800,2008,200,166
800,2009,298,270
800,2010,253,154
820,1981,0,0
820,1982,0,0
820,1983,1,0
820,1984,0,0
820,1985,0,0
820,1986,15,20
820,1987,0,0
820,1988,4,9
820,1989,2,0
820,1990,3,0
820,1991,3,0
820,1992,2,0
820,1993,0,0
820,1994,0,0
820,1995,0,0
820,1996,0,0
820,1997,0,0
820,1998,0,0
820,1999,0,0
820,2000,3,2
820,2001,1,0
820,2002,0,0
820,2003,0,0
820,2004,0,0
820,2005,0,0
820,2006,0,0
820,2007,0,0
820,2008,2,0
820,2009,1,0
820,2010,3,0
840,1981,31,176
840,1982,38,139
840,1983,16,101
840,1984,43,262
840,1985,124,452
840,1986,80,322
840,1987,160,404
840,1988,210,550
840,1989,156,393
840,1990,320,457
840,1991,161,431
840,1992,162,395
840,1993,0,0
840,1994,72,126
840,1995,63,201
840,1996,61,95
840,1997,57,98
840,1998,18,6
840,1999,31,45
840,2000,132,286
840,2001,50,152
840,2002,48,125
840,2003,107,283
840,2004,32,206
840,2005,25,49
840,2006,58,60
840,2007,65,115
840,2008,275,217
840,2009,230,151
840,2010,205,155
850,1981,1,4
850,1982,0,0
850,1983,0,0
850,1984,2,2
850,1985,2,7
850,1986,3,0
850,1987,0,0
850,1988,0,0
850,1989,2,85
850,1990,3,12
850,1991,7,21
850,1992,4,33
850,1993,0,0
850,1994,5,1
850,1995,24,41
850,1996,65,30
850,1997,28,102
850,1998,1,3
850,1999,39,50
850,2000,102,146
850,2001,105,128.000002
850,2002,43,246.0000001
850,2003,18,25
850,2004,17,42
850,2005,15,66
850,2006,10,6
850,2007,2,0
850,2008,13,0
850,2009,19,15
850,2010,4,0
900,1981,1,1
900,1982,2,0
900,1983,0,0
900,1984,0,0
900,1985,0,0
900,1986,3,2
900,1987,1,6
900,1988,3,0
900,1989,2,0
900,1990,0,0
900,1991,5,8
900,1992,4,1
900,1993,0,0
900,1994,9,3
900,1995,5,0
900,1996,5,2
900,1997,4,0
900,1998,6,0
900,1999,0,0
900,2000,1,0
900,2001,2,0
900,2002,0,0
900,2003,0,0
900,2004,0,0
900,2005,0,0
900,2006,2,0
900,2007,0,0
900,2008,3,0
900,2009,2,3
900,2010,1,0
920,1981,2,0
920,1982,0,0
920,1983,0,0
920,1984,0,0
920,1985,0,0
920,1986,0,0
920,1987,0,0
920,1988,0,0
920,1989,0,0
920,1990,0,0
920,1991,1,0
920,1992,1,1
920,1993,0,0
920,1994,1,0
920,1995,0,0
920,1996,2,0
920,1997,1,0
920,1998,0,0
920,1999,0,0
920,2000,0,0
920,2001,1,0
920,2002,0,0
920,2003,3,0
920,2004,0,0
920,2005,0,0
920,2006,0,0
920,2007,0,0
920,2008,5,0
920,2009,0,0
920,2010,0,0
2000,1981,3,0
2000,1982,0,0
2000,1983,0,0
2000,1984,0,0
2000,1985,0,0
2000,1986,0,0
2000,1987,0,0
2000,1988,0,0
2000,1989,1,0
2000,1990,1,0
2000,1991,1,0
2000,1992,6,1
2000,1993,0,0
2000,1994,4,3
2000,1995,1,0
2000,1996,3,0
2000,1997,0,0
2000,1998,0,0
2000,1999,0,0
2000,2000,2,0
2000,2001,1,0
2000,2002,0,0
2000,2003,0,0
2000,2004,0,0
2000,2005,1,0
2000,2006,0,0
2000,2007,0,0
2000,2008,1,0
2000,2009,0,0
2000,2010,0,0
NA,1981,0,0
NA,1982,0,0
NA,1983,0,0
NA,1984,0,0
NA,1985,0,0
NA,1986,0,0
NA,1987,0,0
NA,1988,0,0
NA,1989,0,0
NA,1990,0,0
NA,1991,0,0
NA,1992,0,0
NA,1993,0,0
NA,1994,0,0
NA,1995,0,0
NA,1996,0,0
NA,1997,0,0
NA,1998,0,0
NA,1999,0,0
NA,2000,0,0
NA,2001,0,0
NA,2002,0,0
NA,2003,0,0
NA,2004,0,0
NA,2005,0,0
NA,2006,0,0
NA,2007,0,0
NA,2008,0,0
NA,2009,0,0
NA,2010,0,0
40,1981,0,0
40,1982,0,0
40,1983,0,0
40,1984,0,0
40,1985,0,0
40,1986,0,0
40,1987,0,0
40,1988,0,0
40,1989,0,0
40,1990,0,0
40,1991,1,0
40,1992,4,3
40,1993,0,0
40,1994,9,3
40,1995,0,0
40,1996,1,0
40,1997,14,1
40,1998,0,0
40,1999,0,0
40,2000,0,0
40,2001,0,0
40,2002,0,0
40,2003,0,0
40,2004,0,0
40,2005,0,0
40,2006,0,0
40,2007,1,1
40,2008,0,0
40,2009,0,0
40,2010,0,0
53,1981,0,0
53,1982,0,0
53,1983,0,0
53,1984,0,0
53,1985,0,0
53,1986,0,0
53,1987,0,0
53,1988,0,0
53,1989,0,0
53,1990,0,0
53,1991,0,0
53,1992,1,3
53,1993,0,0
53,1994,0,0
53,1995,0,0
53,1996,0,0
53,1997,0,0
53,1998,0,0
53,1999,0,0
53,2000,0,0
53,2001,0,0
53,2002,0,0
53,2003,0,0
53,2004,0,0
53,2005,0,0
53,2006,0,0
53,2007,0,0
53,2008,0,0
53,2009,0,0
53,2010,0,0
58,1981,0,0
58,1982,0,0
58,1983,0,0
58,1984,0,0
58,1985,0,0
58,1986,0,0
58,1987,0,0
58,1988,0,0
58,1989,0,0
58,1990,0,0
58,1991,0,0
58,1992,1,0
58,1993,0,0
58,1994,0,0
58,1995,0,0
58,1996,0,0
58,1997,1,1
58,1998,0,0
58,1999,0,0
58,2000,0,0
58,2001,0,0
58,2002,0,0
58,2003,0,0
58,2004,0,0
58,2005,0,0
58,2006,0,0
58,2007,0,0
58,2008,0,0
58,2009,0,0
58,2010,0,0
80,1981,0,0
80,1982,0,0
80,1983,0,0
80,1984,0,0
80,1985,0,0
80,1986,0,0
80,1987,0,0
80,1988,0,0
80,1989,0,0
80,1990,0,0
80,1991,3,2
80,1992,2,1
80,1993,0,0
80,1994,0,0
80,1995,0,0
80,1996,0,0
80,1997,0,0
80,1998,0,0
80,1999,0,0
80,2000,1,0
80,2001,0,0
80,2002,0,0
80,2003,0,0
80,2004,0,0
80,2005,0,0
80,2006,0,0
80,2007,0,0
80,2008,0,0
80,2009,0,0
80,2010,0,0
310,1981,0,0
310,1982,0,0
310,1983,0,0
310,1984,0,0
310,1985,0,0
310,1986,0,0
310,1987,0,0
310,1988,0,0
310,1989,1,0
310,1990,0,0
310,1991,3,0
310,1992,1,0
310,1993,0,0
310,1994,2,0
310,1995,0,0
310,1996,13,0
310,1997,17,3
310,1998,2,0
310,1999,0,0
310,2000,0,0
310,2001,1,1
310,2002,0,0
310,2003,0,0
310,2004,0,0
310,2005,0,0
310,2006,0,0
310,2007,0,0
310,2008,2,0
310,2009,1,2
310,2010,0,0
315,1981,0,0
315,1982,0,0
315,1983,0,0
315,1984,0,0
315,1985,0,0
315,1986,0,0
315,1987,0,0
315,1988,0,0
315,1989,4,0
315,1990,1,0
315,1991,1,1
315,1992,3,0
315,1993,0,0
315,1994,0,0
315,1995,0,0
315,1996,0,0
315,1997,0,0
315,1998,0,0
315,1999,0,0
315,2000,0,0
315,2001,0,0
315,2002,0,0
315,2003,0,0
315,2004,0,0
315,2005,0,0
315,2006,0,0
315,2007,0,0
315,2008,0,0
315,2009,0,0
315,2010,0,0
316,1981,0,0
316,1982,0,0
316,1983,0,0
316,1984,0,0
316,1985,0,0
316,1986,0,0
316,1987,0,0
316,1988,0,0
316,1989,0,0
316,1990,0,0
316,1991,0,0
316,1992,0,0
316,1993,0,0
316,1994,1,0
316,1995,3,1
316,1996,3,2
316,1997,4,1
316,1998,0,0
316,1999,0,0
316,2000,0,0
316,2001,1,0
316,2002,0,0
316,2003,1,0
316,2004,0,0
316,2005,0,0
316,2006,0,0
316,2007,0,0
316,2008,2,0
316,2009,1,0
316,2010,0,0
317,1981,0,0
317,1982,0,0
317,1983,0,0
317,1984,0,0
317,1985,0,0
317,1986,0,0
317,1987,0,0
317,1988,0,0
317,1989,0,0
317,1990,0,0
317,1991,0,0
317,1992,0,0
317,1993,0,0
317,1994,1,0
317,1995,3,3
317,1996,5,1
317,1997,4,2
317,1998,2,1
317,1999,1,0
317,2000,1,0
317,2001,0,0
317,2002,0,0
317,2003,0,0
317,2004,0,0
317,2005,0,0
317,2006,0,0
317,2007,0,0
317,2008,0,0
317,2009,0,0
317,2010,0,0
343,1981,0,0
343,1982,0,0
343,1983,0,0
343,1984,0,0
343,1985,0,0
343,1986,0,0
343,1987,0,0
343,1988,0,0
343,1989,0,0
343,1990,0,0
343,1991,0,0
343,1992,0,0
343,1993,0,0
343,1994,1,0
343,1995,1,1
343,1996,0,0
343,1997,2,0
343,1998,5,0
343,1999,3,0
343,2000,3,3
343,2001,67,35
343,2002,8,3
343,2003,5,0
343,2004,0,0
343,2005,0,0
343,2006,3,0
343,2007,1,0
343,2008,9,2
343,2009,1,0
343,2010,0,0
344,1981,0,0
344,1982,0,0
344,1983,0,0
344,1984,0,0
344,1985,0,0
344,1986,0,0
344,1987,0,0
344,1988,0,0
344,1989,0,0
344,1990,0,0
344,1991,24,236
344,1992,4,2
344,1993,0,0
344,1994,4,3
344,1995,1,1
344,1996,3,0
344,1997,8,2
344,1998,0,0
344,1999,0,0
344,2000,2,3
344,2001,3,0
344,2002,0,0
344,2003,0,0
344,2004,0,0
344,2005,1,0
344,2006,0,0
344,2007,0,0
344,2008,2,0
344,2009,1,0
344,2010,0,0
346,1981,0,0
346,1982,0,0
346,1983,0,0
346,1984,0,0
346,1985,0,0
346,1986,0,0
346,1987,0,0
346,1988,0,0
346,1989,0,0
346,1990,0,0
346,1991,0,0
346,1992,22,55
346,1993,0,0
346,1994,9,3
346,1995,6,2
346,1996,33,2
346,1997,42,5
346,1998,9,2
346,1999,5,1
346,2000,6,1
346,2001,2,0
346,2002,3,0
346,2003,1,0
346,2004,0,0
346,2005,1,0
346,2006,1,0
346,2007,2,1
346,2008,4,2
346,2009,1,0
346,2010,1,1
349,1981,0,0
349,1982,0,0
349,1983,0,0
349,1984,0,0
349,1985,0,0
349,1986,0,0
349,1987,0,0
349,1988,0,0
349,1989,0,0
349,1990,0,0
349,1991,0,0
349,1992,0,0
349,1993,0,0
349,1994,1,1
349,1995,0,0
349,1996,3,0
349,1997,1,0
349,1998,0,0
349,1999,0,0
349,2000,1,0
349,2001,0,0
349,2002,0,0
349,2003,0,0
349,2004,0,0
349,2005,0,0
349,2006,0,0
349,2007,0,0
349,2008,0,0
349,2009,0,0
349,2010,0,0
359,1981,0,0
359,1982,0,0
359,1983,0,0
359,1984,0,0
359,1985,0,0
359,1986,0,0
359,1987,0,0
359,1988,0,0
359,1989,0,0
359,1990,0,0
359,1991,1,0
359,1992,11,10
359,1993,0,0
359,1994,1,1
359,1995,0,0
359,1996,2,0
359,1997,1,0
359,1998,0,0
359,1999,0,0
359,2000,1,0
359,2001,0,0
359,2002,0,0
359,2003,0,0
359,2004,0,0
359,2005,0,0
359,2006,1,2
359,2007,0,0
359,2008,0,0
359,2009,1,0
359,2010,0,0
365,1981,0,0
365,1982,0,0
365,1983,0,0
365,1984,0,0
365,1985,0,0
365,1986,0,0
365,1987,0,0
365,1988,0,0
365,1989,7,6
365,1990,36,58
365,1991,34,28
365,1992,21,34
365,1993,0,0
365,1994,47,34
365,1995,37,145
365,1996,66,135
365,1997,77,61
365,1998,26,49
365,1999,54,395
365,2000,139,354
365,2001,135,219
365,2002,89,471
365,2003,76,328
365,2004,43,607
365,2005,63,156
365,2006,57,60
365,2007,51,55
365,2008,170,95
365,2009,152,139
365,2010,251,229
366,1981,0,0
366,1982,0,0
366,1983,0,0
366,1984,0,0
366,1985,0,0
366,1986,0,0
366,1987,0,0
366,1988,0,0
366,1989,0,0
366,1990,0,0
366,1991,0,0
366,1992,2,0
366,1993,0,0
366,1994,6,0
366,1995,2,0
366,1996,1,1
366,1997,0,0
366,1998,0,0
366,1999,1,0
366,2000,0,0
366,2001,1,1
366,2002,0,0
366,2003,0,0
366,2004,0,0
366,2005,0,0
366,2006,0,0
366,2007,0,0
366,2008,0,0
366,2009,0,0
366,2010,0,0
367,1981,0,0
367,1982,0,0
367,1983,0,0
367,1984,0,0
367,1985,0,0
367,1986,0,0
367,1987,0,0
367,1988,0,0
367,1989,0,0
367,1990,0,0
367,1991,0,0
367,1992,2,0
367,1993,0,0
367,1994,2,1
367,1995,1,0
367,1996,0,0
367,1997,2,0
367,1998,4,0
367,1999,1,0
367,2000,4,1
367,2001,0,0
367,2002,0,0
367,2003,0,0
367,2004,0,0
367,2005,0,0
367,2006,0,0
367,2007,1,0
367,2008,0,0
367,2009,0,0
367,2010,0,0
368,1981,0,0
368,1982,0,0
368,1983,0,0
368,1984,0,0
368,1985,0,0
368,1986,0,0
368,1987,0,0
368,1988,0,0
368,1989,0,0
368,1990,0,0
368,1991,1,0
368,1992,1,0
368,1993,0,0
368,1994,0,0
368,1995,2,0
368,1996,3,0
368,1997,1,1
368,1998,0,0
368,1999,0,0
368,2000,0,0
368,2001,0,0
368,2002,0,0
368,2003,0,0
368,2004,0,0
368,2005,0,0
368,2006,0,0
368,2007,0,0
368,2008,0,0
368,2009,0,0
368,2010,0,0
369,1981,0,0
369,1982,0,0
369,1983,0,0
369,1984,0,0
369,1985,0,0
369,1986,0,0
369,1987,0,0
369,1988,0,0
369,1989,0,0
369,1990,0,0
369,1991,2,0
369,1992,1,1
369,1993,0,0
369,1994,10,4
369,1995,2,0
369,1996,3,0
369,1997,2,2
369,1998,0,0
369,1999,6,1
369,2000,1,0
369,2001,0,0
369,2002,3,1
369,2003,1,0
369,2004,0,0
369,2005,0,0
369,2006,0,0
369,2007,1,0
369,2008,1,0
369,2009,2,0
369,2010,4,1
370,1981,0,0
370,1982,0,0
370,1983,0,0
370,1984,0,0
370,1985,0,0
370,1986,0,0
370,1987,0,0
370,1988,0,0
370,1989,0,0
370,1990,0,0
370,1991,0,0
370,1992,0,0
370,1993,0,0
370,1994,1,0
370,1995,0,0
370,1996,0,0
370,1997,2,1
370,1998,0,0
370,1999,1,0
370,2000,0,0
370,2001,1,0
370,2002,0,0
370,2003,0,0
370,2004,0,0
370,2005,0,0
370,2006,1,0
370,2007,0,0
370,2008,1,0
370,2009,0,0
370,2010,2,0
371,1981,0,0
371,1982,0,0
371,1983,0,0
371,1984,0,0
371,1985,0,0
371,1986,0,0
371,1987,0,0
371,1988,0,0
371,1989,0,0
371,1990,0,0
371,1991,1,0
371,1992,2,2
371,1993,0,0
371,1994,4,15
371,1995,1,2
371,1996,1,2
371,1997,0,0
371,1998,2,0
371,1999,2,8
371,2000,2,0
371,2001,2,1
371,2002,0,0
371,2003,0,0
371,2004,0,0
371,2005,0,0
371,2006,0,0
371,2007,1,0
371,2008,0,0
371,2009,1,1
371,2010,0,0
372,1981,0,0
372,1982,0,0
372,1983,0,0
372,1984,0,0
372,1985,0,0
372,1986,0,0
372,1987,0,0
372,1988,0,0
372,1989,0,0
372,1990,0,0
372,1991,3,2
372,1992,39,109
372,1993,0,0
372,1994,18,29
372,1995,17,14
372,1996,3,2
372,1997,6,35
372,1998,12,32
372,1999,7,5
372,2000,7,3
372,2001,4,6
372,2002,2,1
372,2003,6,0
372,2004,3,0
372,2005,6,8
372,2006,3,5
372,2007,0,0
372,2008,33,13
372,2009,25,5
372,2010,7,4
373,1981,0,0
373,1982,0,0
373,1983,0,0
373,1984,0,0
373,1985,0,0
373,1986,0,0
373,1987,0,0
373,1988,0,0
373,1989,0,0
373,1990,0,0
373,1991,3,26
373,1992,12,186
373,1993,0,0
373,1994,11,30
373,1995,2,0
373,1996,2,2
373,1997,1,1
373,1998,0,0
373,1999,0,0
373,2000,1,0
373,2001,4,1
373,2002,1,0
373,2003,0,0
373,2004,0,0
373,2005,0,0
373,2006,0,0
373,2007,1,0
373,2008,2,5
373,2009,2,1
373,2010,0,0
375,1981,0,0
375,1982,0,0
375,1983,0,0
375,1984,0,0
375,1985,0,0
375,1986,1,0
375,1987,0,0
375,1988,0,0
375,1989,0,0
375,1990,0,0
375,1991,0,0
375,1992,1,0
375,1993,0,0
375,1994,1,0
375,1995,1,0
375,1996,0,0
375,1997,0,0
375,1998,0,0
375,1999,0,0
375,2000,0,0
375,2001,0,0
375,2002,0,0
375,2003,0,0
375,2004,0,0
375,2005,0,0
375,2006,0,0
375,2007,1,9
375,2008,1,0
375,2009,0,0
375,2010,0,0
411,1981,0,0
411,1982,0,0
411,1983,0,0
411,1984,0,0
411,1985,0,0
411,1986,0,0
411,1987,0,0
411,1988,0,0
411,1989,0,0
411,1990,0,0
411,1991,0,0
411,1992,1,1
411,1993,0,0
411,1994,0,0
411,1995,0,0
411,1996,0,0
411,1997,0,0
411,1998,0,0
411,1999,0,0
411,2000,0,0
411,2001,0,0
411,2002,0,0
411,2003,0,0
411,2004,0,0
411,2005,0,0
411,2006,0,0
411,2007,0,0
411,2008,0,0
411,2009,1,1
411,2010,0,0
420,1981,0,0
420,1982,0,0
420,1983,0,0
420,1984,0,0
420,1985,0,0
420,1986,0,0
420,1987,0,0
420,1988,0,0
420,1989,0,0
420,1990,0,0
420,1991,0,0
420,1992,0,0
420,1993,0,0
420,1994,1,13
420,1995,1,0
420,1996,0,0
420,1997,0,0
420,1998,0,0
420,1999,0,0
420,2000,1,0
420,2001,0,0
420,2002,0,0
420,2003,0,0
420,2004,0,0
420,2005,0,0
420,2006,0,0
420,2007,0,0
420,2008,0,0
420,2009,0,0
420,2010,0,0
432,1981,0,0
432,1982,0,0
432,1983,0,0
432,1984,0,0
432,1985,0,0
432,1986,0,0
432,1987,0,0
432,1988,0,0
432,1989,0,0
432,1990,1,14
432,1991,12,43
432,1992,3,5
432,1993,0,0
432,1994,13,131
432,1995,1,2
432,1996,0,0
432,1997,3,0
432,1998,0,0
432,1999,0,0
432,2000,0,0
432,2001,0,0
432,2002,0,0
432,2003,0,0
432,2004,0,0
432,2005,1,0
432,2006,0,0
432,2007,5,20
432,2008,9,55
432,2009,6,29
432,2010,1,1
433,1981,0,0
433,1982,0,0
433,1983,0,0
433,1984,0,0
433,1985,0,0
433,1986,0,0
433,1987,0,0
433,1988,3,2
433,1989,0,0
433,1990,11,20
433,1991,4,5
433,1992,15,64
433,1993,0,0
433,1994,2,5
433,1995,8,18
433,1996,0,0
433,1997,26,92
433,1998,1,4
433,1999,1,1
433,2000,4,4
433,2001,8,28
433,2002,3,8
433,2003,0,0
433,2004,0,0
433,2005,1,0
433,2006,0,0
433,2007,1,1
433,2008,2,10
433,2009,3,9
433,2010,1,3
434,1981,0,0
434,1982,0,0
434,1983,0,0
434,1984,0,0
434,1985,0,0
434,1986,0,0
434,1987,0,0
434,1988,0,0
434,1989,0,0
434,1990,0,0
434,1991,0,0
434,1992,1,0
434,1993,0,0
434,1994,3,0
434,1995,1,0
434,1996,2,0
434,1997,0,0
434,1998,0,0
434,1999,0,0
434,2000,0,0
434,2001,0,0
434,2002,0,0
434,2003,0,0
434,2004,0,0
434,2005,0,0
434,2006,0,0
434,2007,1,0
434,2008,0,0
434,2009,0,0
434,2010,0,0
435,1981,0,0
435,1982,0,0
435,1983,0,0
435,1984,0,0
435,1985,0,0
435,1986,0,0
435,1987,0,0
435,1988,1,0
435,1989,0,0
435,1990,0,0
435,1991,0,0
435,1992,0,0
435,1993,0,0
435,1994,0,0
435,1995,0,0
435,1996,1,0
435,1997,0,0
435,1998,0,0
435,1999,0,0
435,2000,0,0
435,2001,0,0
435,2002,0,0
435,2003,0,0
435,2004,1,0
435,2005,1,23
435,2006,0,0
435,2007,0,0
435,2008,2,12
435,2009,5,2
435,2010,1,1
436,1981,0,0
436,1982,0,0
436,1983,0,0
436,1984,0,0
436,1985,1,3
436,1986,0,0
436,1987,0,0
436,1988,0,0
436,1989,1,171
436,1990,0,0
436,1991,6,8
436,1992,16,34
436,1993,0,0
436,1994,8,53
436,1995,2,22
436,1996,1,2
436,1997,3,32
436,1998,0,0
436,1999,2,4
436,2000,0,0
436,2001,0,0
436,2002,0,0
436,2003,0,0
436,2004,0,0
436,2005,0,0
436,2006,0,0
436,2007,6,62
436,2008,9,6
436,2009,4,18
436,2010,3,9
437,1981,0,0
437,1982,0,0
437,1983,0,0
437,1984,0,0
437,1985,0,0
437,1986,0,0
437,1987,0,0
437,1988,0,0
437,1989,0,0
437,1990,0,0
437,1991,0,0
437,1992,3,1
437,1993,0,0
437,1994,2,5
437,1995,7,40
437,1996,2,5
437,1997,1,0
437,1998,0,0
437,1999,0,0
437,2000,2,4
437,2001,1,12
437,2002,1,3
437,2003,0,0
437,2004,1,12
437,2005,1,41
437,2006,3,20
437,2007,1,0
437,2008,0,0
437,2009,0,0
437,2010,7,10
438,1981,0,0
438,1982,0,0
438,1983,0,0
438,1984,0,0
438,1985,0,0
438,1986,0,0
438,1987,0,0
438,1988,0,0
438,1989,0,0
438,1990,0,0
438,1991,0,0
438,1992,2,0
438,1993,0,0
438,1994,2,2
438,1995,0,0
438,1996,1,2
438,1997,0,0
438,1998,0,0
438,1999,0,0
438,2000,12,176
438,2001,0,0
438,2002,0,0
438,2003,0,0
438,2004,0,0
438,2005,1,0
438,2006,0,0
438,2007,0,0
438,2008,0,0
438,2009,0,0
438,2010,0,0
450,1981,0,0
450,1982,0,0
450,1983,0,0
450,1984,0,0
450,1985,0,0
450,1986,0,0
450,1987,0,0
450,1988,0,0
450,1989,0,0
450,1990,4,2
450,1991,1,0
450,1992,10,37
450,1993,0,0
450,1994,3,110
450,1995,0,0
450,1996,1,10
450,1997,0,0
450,1998,0,0
450,1999,2,0
450,2000,1,0
450,2001,3,1
450,2002,3,3
450,2003,2,0
450,2004,0,0
450,2005,0,0
450,2006,0,0
450,2007,0,0
450,2008,1,12
450,2009,0,0
450,2010,0,0
451,1981,0,0
451,1982,0,0
451,1983,0,0
451,1984,0,0
451,1985,0,0
451,1986,0,0
451,1987,0,0
451,1988,0,0
451,1989,0,0
451,1990,0,0
451,1991,9,128
451,1992,4,21
451,1993,0,0
451,1994,22,228
451,1995,14,40
451,1996,5,60
451,1997,3,16
451,1998,7,258
451,1999,9,28
451,2000,24,59.999999
451,2001,0,0
451,2002,0,0
451,2003,0,0
451,2004,0,0
451,2005,0,0
451,2006,0,0
451,2007,0,0
451,2008,0,0
451,2009,0,0
451,2010,0,0
452,1981,0,0
452,1982,0,0
452,1983,0,0
452,1984,0,0
452,1985,0,0
452,1986,0,0
452,1987,1,0
452,1988,0,0
452,1989,0,0
452,1990,0,0
452,1991,0,0
452,1992,8,0
452,1993,0,0
452,1994,4,13
452,1995,1,2
452,1996,2,3
452,1997,1,1
452,1998,0,0
452,1999,0,0
452,2000,0,0
452,2001,0,0
452,2002,0,0
452,2003,0,0
452,2004,0,0
452,2005,0,0
452,2006,0,0
452,2007,0,0
452,2008,0,0
452,2009,0,0
452,2010,0,0
461,1981,0,0
461,1982,0,0
461,1983,0,0
461,1984,0,0
461,1985,3,1
461,1986,0,0
461,1987,0,0
461,1988,0,0
461,1989,0,0
461,1990,0,0
461,1991,2,13
461,1992,27,12
461,1993,0,0
461,1994,13,47
461,1995,1,0
461,1996,1,3
461,1997,0,0
461,1998,0,0
461,1999,0,0
461,2000,0,0
461,2001,0,0
461,2002,0,0
461,2003,0,0
461,2004,0,0
461,2005,1,0
461,2006,0,0
461,2007,0,0
461,2008,0,0
461,2009,0,0
461,2010,0,0
471,1981,0,0
471,1982,0,0
471,1983,0,0
471,1984,0,0
471,1985,0,0
471,1986,0,0
471,1987,0,0
471,1988,0,0
471,1989,0,0
471,1990,0,0
471,1991,4,36
471,1992,6,6
471,1993,0,0
471,1994,6,33
471,1995,2,5
471,1996,0,0
471,1997,0,0
471,1998,1,0
471,1999,0,0
471,2000,0,0
471,2001,0,0
471,2002,0,0
471,2003,0,0
471,2004,0,0
471,2005,0,0
471,2006,0,0
471,2007,1,31
471,2008,1,3
471,2009,1,0
471,2010,3,5
481,1981,0,0
481,1982,0,0
481,1983,0,0
481,1984,0,0
481,1985,0,0
481,1986,0,0
481,1987,0,0
481,1988,0,0
481,1989,0,0
481,1990,0,0
481,1991,0,0
481,1992,0,0
481,1993,0,0
481,1994,1,0
481,1995,0,0
481,1996,1,0
481,1997,1,4
481,1998,0,0
481,1999,0,0
481,2000,0,0
481,2001,0,0
481,2002,0,0
481,2003,0,0
481,2004,0,0
481,2005,0,0
481,2006,0,0
481,2007,0,0
481,2008,0,0
481,2009,0,0
481,2010,0,0
501,1981,0,0
501,1982,0,0
501,1983,0,0
501,1984,0,0
501,1985,0,0
501,1986,0,0
501,1987,0,0
501,1988,0,0
501,1989,4,4
501,1990,0,0
501,1991,5,0
501,1992,30,155
501,1993,0,0
501,1994,5,40
501,1995,4,2
501,1996,3,2
501,1997,17,36
501,1998,3,368
501,1999,0,0
501,2000,4,26
501,2001,7,13
501,2002,2,16
501,2003,2,3
501,2004,0,0
501,2005,2,56
501,2006,2,18
501,2007,12,33
501,2008,10,73
501,2009,1,0
501,2010,12,19
516,1981,0,0
516,1982,0,0
516,1983,0,0
516,1984,0,0
516,1985,0,0
516,1986,0,0
516,1987,0,0
516,1988,0,0
516,1989,0,0
516,1990,0,0
516,1991,7,117
516,1992,2,61
516,1993,0,0
516,1994,17,665
516,1995,83,583
516,1996,35,1371
516,1997,79,386
516,1998,13,392
516,1999,13,108
516,2000,17,97
516,2001,37,166
516,2002,18,67
516,2003,18,91
516,2004,1,18
516,2005,5,13
516,2006,5,21
516,2007,3,3
516,2008,7,28
516,2009,0,0
516,2010,29,14
517,1981,0,0
517,1982,0,0
517,1983,0,0
517,1984,0,0
517,1985,0,0
517,1986,0,0
517,1987,0,0
517,1988,0,0
517,1989,0,0
517,1990,0,0
517,1991,3,0
517,1992,18,141
517,1993,0,0
517,1994,33,1571
517,1995,17,201
517,1996,15,129
517,1997,33,1027
517,1998,9,100
517,1999,0,0
517,2000,1,4
517,2001,3,2
517,2002,0,0
517,2003,0,0
517,2004,0,0
517,2005,1,30
517,2006,0,0
517,2007,0,0
517,2008,1,0
517,2009,1,4
517,2010,8,6
522,1981,0,0
522,1982,0,0
522,1983,0,0
522,1984,0,0
522,1985,0,0
522,1986,0,0
522,1987,1,10
522,1988,2,0
522,1989,0,0
522,1990,1,1
522,1991,1,8
522,1992,6,228
522,1993,0,0
522,1994,2,6
522,1995,2,0
522,1996,0,0
522,1997,1,11
522,1998,0,0
522,1999,0,0
522,2000,0,0
522,2001,0,0
522,2002,0,0
522,2003,0,0
522,2004,1,0
522,2005,0,0
522,2006,0,0
522,2007,0,0
522,2008,0,0
522,2009,0,0
522,2010,0,0
553,1981,0,0
553,1982,0,0
553,1983,0,0
553,1984,0,0
553,1985,0,0
553,1986,0,0
553,1987,0,0
553,1988,0,0
553,1989,0,0
553,1990,0,0
553,1991,0,0
553,1992,3,32
553,1993,0,0
553,1994,0,0
553,1995,0,0
553,1996,0,0
553,1997,0,0
553,1998,0,0
553,1999,0,0
553,2000,0,0
553,2001,0,0
553,2002,1,1
553,2003,0,0
553,2004,0,0
553,2005,0,0
553,2006,0,0
553,2007,0,0
553,2008,0,0
553,2009,0,0
553,2010,0,0
571,1981,0,0
571,1982,0,0
571,1983,0,0
571,1984,0,0
571,1985,0,0
571,1986,0,0
571,1987,1,3
571,1988,2,1
571,1989,2,0
571,1990,1,6
571,1991,0,0
571,1992,0,0
571,1993,0,0
571,1994,0,0
571,1995,1,0
571,1996,0,0
571,1997,0,0
571,1998,0,0
571,1999,0,0
571,2000,0,0
571,2001,0,0
571,2002,0,0
571,2003,0,0
571,2004,0,0
571,2005,0,0
571,2006,0,0
571,2007,0,0
571,2008,0,0
571,2009,0,0
571,2010,0,0
580,1981,0,0
580,1982,0,0
580,1983,0,0
580,1984,0,0
580,1985,0,0
580,1986,0,0
580,1987,0,0
580,1988,0,0
580,1989,0,0
580,1990,0,0
580,1991,1,4
580,1992,7,16
580,1993,0,0
580,1994,0,0
580,1995,3,4
580,1996,2,1
580,1997,1,0
580,1998,0,0
580,1999,0,0
580,2000,0,0
580,2001,0,0
580,2002,5,0
580,2003,0,0
580,2004,0,0
580,2005,0,0
580,2006,1,0
580,2007,0,0
580,2008,0,0
580,2009,1,2
580,2010,0,0
581,1981,0,0
581,1982,0,0
581,1983,0,0
581,1984,0,0
581,1985,0,0
581,1986,0,0
581,1987,0,0
581,1988,0,0
581,1989,0,0
581,1990,0,0
581,1991,0,0
581,1992,1,1
581,1993,0,0
581,1994,1,0
581,1995,0,0
581,1996,0,0
581,1997,3,0
581,1998,0,0
581,1999,0,0
581,2000,0,0
581,2001,0,0
581,2002,0,0
581,2003,0,0
581,2004,0,0
581,2005,0,0
581,2006,0,0
581,2007,0,0
581,2008,0,0
581,2009,0,0
581,2010,0,0
590,1981,0,0
590,1982,0,0
590,1983,0,0
590,1984,0,0
590,1985,0,0
590,1986,0,0
590,1987,0,0
590,1988,0,0
590,1989,1,0
590,1990,0,0
590,1991,0,0
590,1992,0,0
590,1993,0,0
590,1994,0,0
590,1995,0,0
590,1996,0,0
590,1997,0,0
590,1998,0,0
590,1999,0,0
590,2000,0,0
590,2001,0,0
590,2002,0,0
590,2003,0,0
590,2004,0,0
590,2005,0,0
590,2006,0,0
590,2007,0,0
590,2008,0,0
590,2009,0,0
590,2010,0,0
600,1981,0,0
600,1982,0,0
600,1983,0,0
600,1984,0,0
600,1985,2,0
600,1986,2,2
600,1987,4,200
600,1988,0,0
600,1989,0,0
600,1990,0,0
600,1991,3,3
600,1992,1,2
600,1993,0,0
600,1994,2,0
600,1995,1,0
600,1996,2,0
600,1997,0,0
600,1998,0,0
600,1999,0,0
600,2000,0,0
600,2001,0,0
600,2002,0,0
600,2003,5,45
600,2004,0,0
600,2005,0,0
600,2006,0,0
600,2007,6,8
600,2008,0,0
600,2009,0,0
600,2010,0,0
615,1981,0,0
615,1982,0,0
615,1983,0,0
615,1984,0,0
615,1985,0,0
615,1986,0,0
615,1987,0,0
615,1988,0,0
615,1989,0,0
615,1990,2,3
615,1991,30,42
615,1992,216,237
615,1993,0,0
615,1994,227,500
615,1995,185,417
615,1996,130,529
615,1997,344,4266
615,1998,151,945
615,1999,106,467
615,2000,138,528
615,2001,113,624
615,2002,132,612
615,2003,75,269
615,2004,67,166
615,2005,104,228
615,2006,152,185
615,2007,124,279
615,2008,107,249
615,2009,108,203
615,2010,100,109
616,1981,0,0
616,1982,0,0
616,1983,0,0
616,1984,0,0
616,1985,0,0
616,1986,2,0
616,1987,4,2
616,1988,0,0
616,1989,0,0
616,1990,2,3
616,1991,3,4
616,1992,0,0
616,1993,0,0
616,1994,2,1
616,1995,1,7
616,1996,0,0
616,1997,0,0
616,1998,0,0
616,1999,0,0
616,2000,1,5
616,2001,1,3
616,2002,2,31
616,2003,0,0
616,2004,0,0
616,2005,0,0
616,2006,0,0
616,2007,1,14
616,2008,2,0
616,2009,0,0
616,2010,0,0
692,1981,0,0
692,1982,0,0
692,1983,0,0
692,1984,0,0
692,1985,0,0
692,1986,0,0
692,1987,0,0
692,1988,0,0
692,1989,0,0
692,1990,0,0
692,1991,1,1
692,1992,0,0
692,1993,0,0
692,1994,1,0
692,1995,8,1
692,1996,16,8
692,1997,11,5
692,1998,0,0
692,1999,0,0
692,2000,0,0
692,2001,0,0
692,2002,0,0
692,2003,1,0
692,2004,0,0
692,2005,0,0
692,2006,1,0
692,2007,0,0
692,2008,1,1
692,2009,0,0
692,2010,2,0
700,1981,0,0
700,1982,0,0
700,1983,0,0
700,1984,0,0
700,1985,0,0
700,1986,0,0
700,1987,1,0
700,1988,11,128
700,1989,10,10
700,1990,3,13
700,1991,30,68
700,1992,36,49
700,1993,0,0
700,1994,9,22
700,1995,6,5
700,1996,4,31
700,1997,1,4
700,1998,1,8
700,1999,9,39
700,2000,14,38
700,2001,13,172
700,2002,38,74
700,2003,100,163
700,2004,88,275
700,2005,155,365
700,2006,282,726
700,2007,345,1195
700,2008,416,1085
700,2009,502,1058
700,2010,538,1054
702,1981,0,0
702,1982,0,0
702,1983,0,0
702,1984,0,0
702,1985,0,0
702,1986,0,0
702,1987,0,0
702,1988,0,0
702,1989,0,0
702,1990,0,0
702,1991,0,0
702,1992,17,14
702,1993,0,0
702,1994,31,48
702,1995,34,78
702,1996,22,50
702,1997,40,43
702,1998,11,29
702,1999,4,2
702,2000,6,11
702,2001,6,8
702,2002,0,0
702,2003,0,0
702,2004,0,0
702,2005,1,0
702,2006,0,0
702,2007,1,1
702,2008,0,0
702,2009,1,0
702,2010,1,4
704,1981,0,0
704,1982,0,0
704,1983,0,0
704,1984,0,0
704,1985,0,0
704,1986,0,0
704,1987,0,0
704,1988,0,0
704,1989,0,0
704,1990,0,0
704,1991,0,0
704,1992,2,0
704,1993,0,0
704,1994,0,0
704,1995,1,0
704,1996,0,0
704,1997,0,0
704,1998,0,0
704,1999,8,19.000002
704,2000,0,0
704,2001,0,0
704,2002,0,0
704,2003,0,0
704,2004,5,36
704,2005,2,1
704,2006,0,0
704,2007,0,0
704,2008,0,0
704,2009,2,3
704,2010,0,0
705,1981,0,0
705,1982,0,0
705,1983,0,0
705,1984,0,0
705,1985,0,0
705,1986,0,0
705,1987,0,0
705,1988,0,0
705,1989,0,0
705,1990,0,0
705,1991,0,0
705,1992,5,9
705,1993,0,0
705,1994,1,0
705,1995,0,0
705,1996,0,0
705,1997,2,2
705,1998,0,0
705,1999,0,0
705,2000,1,2
705,2001,1,0
705,2002,0,0
705,2003,0,0
705,2004,0,0
705,2005,0,0
705,2006,0,0
705,2007,0,0
705,2008,1,2
705,2009,0,0
705,2010,0,0
710,1981,0,0
710,1982,0,0
710,1983,0,0
710,1984,0,0
710,1985,0,0
710,1986,0,0
710,1987,0,0
710,1988,0,0
710,1989,3,20
710,1990,1,2
710,1991,1,0
710,1992,5,9
710,1993,0,0
710,1994,13,18
710,1995,7,2
710,1996,62,23
710,1997,18,57
710,1998,2,50
710,1999,2,5
710,2000,4,1
710,2001,13,25
710,2002,2,1
710,2003,3,1
710,2004,2,4
710,2005,2,13
710,2006,1,1
710,2007,0,0
710,2008,20,23
710,2009,7,186
710,2010,1,7
713,1981,0,0
713,1982,0,0
713,1983,0,0
713,1984,0,0
713,1985,0,0
713,1986,0,0
713,1987,0,0
713,1988,0,0
713,1989,0,0
713,1990,1,0
713,1991,2,7
713,1992,20,16
713,1993,0,0
713,1994,5,1
713,1995,4,0
713,1996,5,9
713,1997,1,0
713,1998,0,0
713,1999,0,0
713,2000,0,0
713,2001,2,2
713,2002,0,0
713,2003,0,0
713,2004,2,0
713,2005,0,0
713,2006,0,0
713,2007,0,0
713,2008,1,0
713,2009,0,0
713,2010,0,0
731,1981,0,0
731,1982,0,0
731,1983,0,0
731,1984,0,0
731,1985,0,0
731,1986,0,0
731,1987,0,0
731,1988,0,0
731,1989,0,0
731,1990,0,0
731,1991,0,0
731,1992,0,0
731,1993,0,0
731,1994,1,3
731,1995,0,0
731,1996,0,0
731,1997,0,0
731,1998,0,0
731,1999,0,0
731,2000,0,0
731,2001,0,0
731,2002,0,0
731,2003,0,0
731,2004,0,0
731,2005,0,0
731,2006,0,0
731,2007,0,0
731,2008,0,0
731,2009,0,0
731,2010,0,0
790,1981,0,0
790,1982,0,0
790,1983,0,0
790,1984,0,0
790,1985,9,6
790,1986,0,0
790,1987,0,0
790,1988,0,0
790,1989,0,0
790,1990,0,0
790,1991,1,0
790,1992,8,9
790,1993,0,0
790,1994,3,4
790,1995,0,0
790,1996,5,6
790,1997,9,15
790,1998,0,0
790,1999,8,23
790,2000,23,91
790,2001,33,172
790,2002,58,486
790,2003,15,22
790,2004,62,630
790,2005,70,211
790,2006,83,127
790,2007,90,44
790,2008,121,53
790,2009,39,20
790,2010,38,10
811,1981,0,0
811,1982,0,0
811,1983,0,0
811,1984,0,0
811,1985,0,0
811,1986,0,0
811,1987,0,0
811,1988,0,0
811,1989,2,11
811,1990,2,0
811,1991,3,16
811,1992,67,64
811,1993,0,0
811,1994,39,225
811,1995,56,21
811,1996,33,44
811,1997,18,100
811,1998,7,35
811,1999,8,1
811,2000,4,12
811,2001,7,4
811,2002,3,4
811,2003,1,1
811,2004,0,0
811,2005,0,0
811,2006,0,0
811,2007,0,0
811,2008,2,1
811,2009,0,0
811,2010,0,0
812,1981,0,0
812,1982,0,0
812,1983,0,0
812,1984,0,0
812,1985,0,0
812,1986,0,0
812,1987,0,0
812,1988,0,0
812,1989,1,2
812,1990,1,0
812,1991,0,0
812,1992,4,3
812,1993,0,0
812,1994,1,2
812,1995,0,0
812,1996,1,5
812,1997,0,0
812,1998,0,0
812,1999,0,0
812,2000,8,1
812,2001,1,0
812,2002,0,0
812,2003,2,10
812,2004,0,0
812,2005,0,0
812,2006,0,0
812,2007,0,0
812,2008,0,0
812,2009,0,0
812,2010,0,0
816,1981,0,0
816,1982,0,0
816,1983,0,0
816,1984,0,0
816,1985,0,0
816,1986,0,0
816,1987,0,0
816,1988,0,0
816,1989,0,0
816,1990,0,0
816,1991,0,0
816,1992,1,0
816,1993,0,0
816,1994,1,0
816,1995,1,0
816,1996,1,0
816,1997,2,1
816,1998,0,0
816,1999,0,0
816,2000,0,0
816,2001,4,0
816,2002,0,0
816,2003,0,0
816,2004,0,0
816,2005,0,0
816,2006,0,0
816,2007,0,0
816,2008,0,0
816,2009,0,0
816,2010,0,0
830,1981,0,0
830,1982,0,0
830,1983,0,0
830,1984,0,0
830,1985,1,0
830,1986,0,0
830,1987,2,0
830,1988,0,0
830,1989,0,0
830,1990,0,0
830,1991,1,4
830,1992,1,0
830,1993,0,0
830,1994,1,1
830,1995,0,0
830,1996,0,0
830,1997,0,0
830,1998,0,0
830,1999,0,0
830,2000,0,0
830,2001,0,0
830,2002,0,0
830,2003,0,0
830,2004,0,0
830,2005,0,0
830,2006,0,0
830,2007,0,0
830,2008,0,0
830,2009,0,0
830,2010,0,0
835,1981,0,0
835,1982,0,0
835,1983,0,0
835,1984,0,0
835,1985,0,0
835,1986,0,0
835,1987,0,0
835,1988,0,0
835,1989,0,0
835,1990,0,0
835,1991,0,0
835,1992,1,0
835,1993,0,0
835,1994,0,0
835,1995,0,0
835,1996,0,0
835,1997,0,0
835,1998,0,0
835,1999,0,0
835,2000,0,0
835,2001,0,0
835,2002,0,0
835,2003,0,0
835,2004,0,0
835,2005,0,0
835,2006,0,0
835,2007,0,0
835,2008,0,0
835,2009,0,0
835,2010,0,0
860,1981,0,0
860,1982,0,0
860,1983,0,0
860,1984,0,0
860,1985,0,0
860,1986,1,0
860,1987,0,0
860,1988,0,0
860,1989,0,0
860,1990,0,0
860,1991,0,0
860,1992,0,0
860,1993,0,0
860,1994,0,0
860,1995,0,0
860,1996,0,0
860,1997,0,0
860,1998,2,6
860,1999,22,17
860,2000,4,1
860,2001,0,0
860,2002,0,0
860,2003,2,5
860,2004,0,0
860,2005,1,0
860,2006,0,0
860,2007,2,1
860,2008,1,2
860,2009,0,0
860,2010,0,0
910,1981,0,0
910,1982,0,0
910,1983,0,0
910,1984,0,0
910,1985,0,0
910,1986,0,0
910,1987,0,0
910,1988,0,0
910,1989,24,13
910,1990,18,12
910,1991,2,3
910,1992,10,7
910,1993,0,0
910,1994,3,17
910,1995,10,6
910,1996,10,21
910,1997,2,0
910,1998,0,0
910,1999,0,0
910,2000,0,0
910,2001,0,0
910,2002,1,0
910,2003,0,0
910,2004,0,0
910,2005,0,0
910,2006,0,0
910,2007,1,0
910,2008,0,0
910,2009,0,0
910,2010,0,0
950,1981,0,0
950,1982,0,0
950,1983,0,0
950,1984,0,0
950,1985,0,0
950,1986,0,0
950,1987,3,0
950,1988,0,0
950,1989,2,0
950,1990,0,0
950,1991,3,0
950,1992,1,1
950,1993,0,0
950,1994,0,0
950,1995,0,0
950,1996,0,0
950,1997,0,0
950,1998,0,0
950,1999,3,0
950,2000,4,7
950,2001,1,0
950,2002,0,0
950,2003,0,0
950,2004,0,0
950,2005,0,0
950,2006,0,0
950,2007,0,0
950,2008,0,0
950,2009,0,0
950,2010,0,0
56,1981,0,0
56,1982,0,0
56,1983,0,0
56,1984,0,0
56,1985,0,0
56,1986,0,0
56,1987,0,0
56,1988,0,0
56,1989,0,0
56,1990,0,0
56,1991,0,0
56,1992,0,0
56,1993,0,0
56,1994,0,0
56,1995,0,0
56,1996,0,0
56,1997,0,0
56,1998,0,0
56,1999,0,0
56,2000,1,2
56,2001,0,0
56,2002,0,0
56,2003,0,0
56,2004,0,0
56,2005,0,0
56,2006,0,0
56,2007,0,0
56,2008,0,0
56,2009,0,0
56,2010,0,0
60,1981,0,0
60,1982,0,0
60,1983,0,0
60,1984,0,0
60,1985,0,0
60,1986,0,0
60,1987,0,0
60,1988,0,0
60,1989,0,0
60,1990,0,0
60,1991,0,0
60,1992,0,0
60,1993,0,0
60,1994,0,0
60,1995,2,0
60,1996,0,0
60,1997,0,0
60,1998,0,0
60,1999,0,0
60,2000,0,0
60,2001,0,0
60,2002,0,0
60,2003,0,0
60,2004,0,0
60,2005,0,0
60,2006,0,0
60,2007,0,0
60,2008,0,0
60,2009,0,0
60,2010,0,0
341,1981,0,0
341,1982,0,0
341,1983,0,0
341,1984,0,0
341,1985,0,0
341,1986,0,0
341,1987,0,0
341,1988,0,0
341,1989,0,0
341,1990,0,0
341,1991,0,0
341,1992,0,0
341,1993,0,0
341,1994,0,0
341,1995,0,0
341,1996,0,0
341,1997,0,0
341,1998,0,0
341,1999,0,0
341,2000,0,0
341,2001,1,1
341,2002,0,0
341,2003,0,0
341,2004,0,0
341,2005,0,0
341,2006,0,0
341,2007,1,0
341,2008,0,0
341,2009,0,0
341,2010,0,0
347,1981,0,0
347,1982,0,0
347,1983,0,0
347,1984,0,0
347,1985,0,0
347,1986,0,0
347,1987,0,0
347,1988,0,0
347,1989,0,0
347,1990,0,0
347,1991,0,0
347,1992,0,0
347,1993,0,0
347,1994,0,0
347,1995,0,0
347,1996,0,0
347,1997,0,0
347,1998,0,0
347,1999,39,23
347,2000,60,23
347,2001,17,20
347,2002,5,1
347,2003,9,7
347,2004,1,0
347,2005,8,1
347,2006,6,0
347,2007,5,1
347,2008,11,0
347,2009,1,0
347,2010,1,1
404,1981,0,0
404,1982,0,0
404,1983,0,0
404,1984,0,0
404,1985,0,0
404,1986,0,0
404,1987,0,0
404,1988,0,0
404,1989,0,0
404,1990,0,0
404,1991,0,0
404,1992,0,0
404,1993,0,0
404,1994,0,0
404,1995,0,0
404,1996,0,0
404,1997,0,0
404,1998,0,0
404,1999,0,0
404,2000,0,0
404,2001,1,0
404,2002,0,0
404,2003,1,1
404,2004,0,0
404,2005,4,3
404,2006,1,11
404,2007,0,0
404,2008,0,0
404,2009,1,1
404,2010,0,0
531,1981,0,0
531,1982,0,0
531,1983,0,0
531,1984,0,0
531,1985,0,0
531,1986,0,0
531,1987,0,0
531,1988,0,0
531,1989,0,0
531,1990,0,0
531,1991,0,0
531,1992,0,0
531,1993,0,0
531,1994,0,0
531,1995,2,0
531,1996,1,6
531,1997,0,0
531,1998,0,0
531,1999,0,0
531,2000,0,0
531,2001,0,0
531,2002,0,0
531,2003,0,0
531,2004,0,0
531,2005,0,0
531,2006,0,0
531,2007,2,0
531,2008,2,4
531,2009,1,2
531,2010,1,17
701,1981,0,0
701,1982,0,0
701,1983,0,0
701,1984,0,0
701,1985,0,0
701,1986,0,0
701,1987,0,0
701,1988,0,0
701,1989,0,0
701,1990,0,0
701,1991,0,0
701,1992,0,0
701,1993,0,0
701,1994,0,0
701,1995,0,0
701,1996,0,0
701,1997,0,0
701,1998,0,0
701,1999,0,0
701,2000,0,0
701,2001,0,0
701,2002,1,0
701,2003,0,0
701,2004,0,0
701,2005,0,0
701,2006,0,0
701,2007,0,0
701,2008,0,0
701,2009,0,0
701,2010,0,0
703,1981,0,0
703,1982,0,0
703,1983,0,0
703,1984,0,0
703,1985,0,0
703,1986,0,0
703,1987,0,0
703,1988,0,0
703,1989,0,0
703,1990,0,0
703,1991,0,0
703,1992,0,0
703,1993,0,0
703,1994,0,0
703,1995,0,0
703,1996,5,0
703,1997,0,0
703,1998,0,0
703,1999,3,1
703,2000,4,2
703,2001,1,0
703,2002,2,2
703,2003,1,1
703,2004,0,0
703,2005,2,0
703,2006,3,1
703,2007,1,0
703,2008,0,0
703,2009,0,0
703,2010,1,0
935,1981,0,0
935,1982,0,0
935,1983,0,0
935,1984,0,0
935,1985,0,0
935,1986,0,0
935,1987,0,0
935,1988,0,0
935,1989,0,0
935,1990,0,0
935,1991,0,0
935,1992,0,0
935,1993,0,0
935,1994,0,0
935,1995,0,0
935,1996,2,0
935,1997,0,0
935,1998,0,0
935,1999,0,0
935,2000,0,0
935,2001,0,0
935,2002,0,0
935,2003,0,0
935,2004,0,0
935,2005,0,0
935,2006,0,0
935,2007,0,0
935,2008,0,0
935,2009,0,0
935,2010,0,0
940,1981,0,0
940,1982,0,0
940,1983,0,0
940,1984,0,0
940,1985,0,0
940,1986,0,0
940,1987,0,0
940,1988,0,0
940,1989,0,0
940,1990,0,0
940,1991,0,0
940,1992,0,0
940,1993,0,0
940,1994,0,0
940,1995,0,0
940,1996,0,0
940,1997,0,0
940,1998,0,0
940,1999,1,2
940,2000,1,0
940,2001,0,0
940,2002,1,1
940,2003,1,1
940,2004,0,0
940,2005,0,0
940,2006,0,0
940,2007,0,0
940,2008,0,0
940,2009,0,0
940,2010,0,0
760,1981,0,0
760,1982,0,0
760,1983,0,0
760,1984,0,0
760,1985,0,0
760,1986,0,0
760,1987,0,0
760,1988,0,0
760,1989,0,0
760,1990,0,0
760,1991,0,0
760,1992,0,0
760,1993,0,0
760,1994,0,0
760,1995,0,0
760,1996,0,0
760,1997,0,0
760,1998,0,0
760,1999,0,0
760,2000,0,0
760,2001,0,0
760,2002,0,0
760,2003,0,0
760,2004,0,0
760,2005,0,0
760,2006,1,4
760,2007,0,0
760,2008,3,5
760,2009,0,0
760,2010,0,0
781,1981,0,0
781,1982,0,0
781,1983,0,0
781,1984,0,0
781,1985,0,0
781,1986,0,0
781,1987,0,0
781,1988,0,0
781,1989,0,0
781,1990,0,0
781,1991,0,0
781,1992,0,0
781,1993,0,0
781,1994,0,0
781,1995,0,0
781,1996,0,0
781,1997,0,0
781,1998,0,0
781,1999,0,0
781,2000,0,0
781,2001,0,0
781,2002,0,0
781,2003,0,0
781,2004,0,0
781,2005,0,0
781,2006,1,0
781,2007,1,0
781,2008,1,0
781,2009,0,0
781,2010,0,0
